<?xml version="1.0" encoding="UTF-8"?>
<frame>
  <cameras>
    <camera camera_id="0">
      <photo path="../../../../Images/TIR/FLIR0002.jpg">
        <meta>
          <property name="Exif/DateTime" value="2017:07:12 04:38:45"/>
          <property name="Exif/DateTimeOriginal" value="2017:07:12 04:38:45"/>
          <property name="Exif/ExposureTime" value="0.0343642611683849"/>
          <property name="Exif/FocalLength" value="6.5"/>
          <property name="Exif/Make" value="FLIR Systems AB"/>
          <property name="Exif/Model" value="FLIR E6"/>
          <property name="Exif/Orientation" value="1"/>
          <property name="Exif/Software" value="1.22.0"/>
          <property name="File/ImageHeight" value="240"/>
          <property name="File/ImageWidth" value="320"/>
          <property name="System/FileModifyDate" value="2017:07:12 04:38:46"/>
          <property name="System/FileSize" value="84870"/>
        </meta>
      </photo>
    </camera>
    <camera camera_id="1">
      <photo path="../../../../Images/TIR/FLIR0004.jpg">
        <meta>
          <property name="Exif/DateTime" value="2017:07:12 04:38:52"/>
          <property name="Exif/DateTimeOriginal" value="2017:07:12 04:38:52"/>
          <property name="Exif/ExposureTime" value="0.0343642611683849"/>
          <property name="Exif/FocalLength" value="6.5"/>
          <property name="Exif/Make" value="FLIR Systems AB"/>
          <property name="Exif/Model" value="FLIR E6"/>
          <property name="Exif/Orientation" value="1"/>
          <property name="Exif/Software" value="1.22.0"/>
          <property name="File/ImageHeight" value="240"/>
          <property name="File/ImageWidth" value="320"/>
          <property name="System/FileModifyDate" value="2017:07:12 04:38:52"/>
          <property name="System/FileSize" value="90727"/>
        </meta>
      </photo>
    </camera>
    <camera camera_id="2">
      <photo path="../../../../Images/TIR/FLIR0006.jpg">
        <meta>
          <property name="Exif/DateTime" value="2017:07:12 04:38:59"/>
          <property name="Exif/DateTimeOriginal" value="2017:07:12 04:38:59"/>
          <property name="Exif/ExposureTime" value="0.0343642611683849"/>
          <property name="Exif/FocalLength" value="6.5"/>
          <property name="Exif/Make" value="FLIR Systems AB"/>
          <property name="Exif/Model" value="FLIR E6"/>
          <property name="Exif/Orientation" value="1"/>
          <property name="Exif/Software" value="1.22.0"/>
          <property name="File/ImageHeight" value="240"/>
          <property name="File/ImageWidth" value="320"/>
          <property name="System/FileModifyDate" value="2017:07:12 04:39:00"/>
          <property name="System/FileSize" value="90279"/>
        </meta>
      </photo>
    </camera>
    <camera camera_id="3">
      <photo path="../../../../Images/TIR/FLIR0008.jpg">
        <meta>
          <property name="Exif/DateTime" value="2017:07:12 04:39:06"/>
          <property name="Exif/DateTimeOriginal" value="2017:07:12 04:39:06"/>
          <property name="Exif/ExposureTime" value="0.0343642611683849"/>
          <property name="Exif/FocalLength" value="6.5"/>
          <property name="Exif/Make" value="FLIR Systems AB"/>
          <property name="Exif/Model" value="FLIR E6"/>
          <property name="Exif/Orientation" value="1"/>
          <property name="Exif/Software" value="1.22.0"/>
          <property name="File/ImageHeight" value="240"/>
          <property name="File/ImageWidth" value="320"/>
          <property name="System/FileModifyDate" value="2017:07:12 04:39:06"/>
          <property name="System/FileSize" value="88267"/>
        </meta>
      </photo>
    </camera>
    <camera camera_id="4">
      <photo path="../../../../Images/TIR/FLIR0010.jpg">
        <meta>
          <property name="Exif/DateTime" value="2017:07:12 04:39:12"/>
          <property name="Exif/DateTimeOriginal" value="2017:07:12 04:39:12"/>
          <property name="Exif/ExposureTime" value="0.0343642611683849"/>
          <property name="Exif/FocalLength" value="6.5"/>
          <property name="Exif/Make" value="FLIR Systems AB"/>
          <property name="Exif/Model" value="FLIR E6"/>
          <property name="Exif/Orientation" value="1"/>
          <property name="Exif/Software" value="1.22.0"/>
          <property name="File/ImageHeight" value="240"/>
          <property name="File/ImageWidth" value="320"/>
          <property name="System/FileModifyDate" value="2017:07:12 04:39:12"/>
          <property name="System/FileSize" value="93218"/>
        </meta>
      </photo>
    </camera>
    <camera camera_id="5">
      <photo path="../../../../Images/TIR/FLIR0012.jpg">
        <meta>
          <property name="Exif/DateTime" value="2017:07:12 04:39:20"/>
          <property name="Exif/DateTimeOriginal" value="2017:07:12 04:39:20"/>
          <property name="Exif/ExposureTime" value="0.0343642611683849"/>
          <property name="Exif/FocalLength" value="6.5"/>
          <property name="Exif/Make" value="FLIR Systems AB"/>
          <property name="Exif/Model" value="FLIR E6"/>
          <property name="Exif/Orientation" value="1"/>
          <property name="Exif/Software" value="1.22.0"/>
          <property name="File/ImageHeight" value="240"/>
          <property name="File/ImageWidth" value="320"/>
          <property name="System/FileModifyDate" value="2017:07:12 04:39:20"/>
          <property name="System/FileSize" value="98318"/>
        </meta>
      </photo>
    </camera>
    <camera camera_id="6">
      <photo path="../../../../Images/TIR/FLIR0014.jpg">
        <meta>
          <property name="Exif/DateTime" value="2017:07:12 04:39:25"/>
          <property name="Exif/DateTimeOriginal" value="2017:07:12 04:39:25"/>
          <property name="Exif/ExposureTime" value="0.0343642611683849"/>
          <property name="Exif/FocalLength" value="6.5"/>
          <property name="Exif/Make" value="FLIR Systems AB"/>
          <property name="Exif/Model" value="FLIR E6"/>
          <property name="Exif/Orientation" value="1"/>
          <property name="Exif/Software" value="1.22.0"/>
          <property name="File/ImageHeight" value="240"/>
          <property name="File/ImageWidth" value="320"/>
          <property name="System/FileModifyDate" value="2017:07:12 04:39:26"/>
          <property name="System/FileSize" value="86557"/>
        </meta>
      </photo>
    </camera>
    <camera camera_id="7">
      <photo path="../../../../Images/TIR/FLIR0016.jpg">
        <meta>
          <property name="Exif/DateTime" value="2017:07:12 04:39:30"/>
          <property name="Exif/DateTimeOriginal" value="2017:07:12 04:39:30"/>
          <property name="Exif/ExposureTime" value="0.0343642611683849"/>
          <property name="Exif/FocalLength" value="6.5"/>
          <property name="Exif/Make" value="FLIR Systems AB"/>
          <property name="Exif/Model" value="FLIR E6"/>
          <property name="Exif/Orientation" value="1"/>
          <property name="Exif/Software" value="1.22.0"/>
          <property name="File/ImageHeight" value="240"/>
          <property name="File/ImageWidth" value="320"/>
          <property name="System/FileModifyDate" value="2017:07:12 04:39:30"/>
          <property name="System/FileSize" value="98650"/>
        </meta>
      </photo>
    </camera>
    <camera camera_id="8">
      <photo path="../../../../Images/TIR/FLIR0018.jpg">
        <meta>
          <property name="Exif/DateTime" value="2017:07:12 04:39:35"/>
          <property name="Exif/DateTimeOriginal" value="2017:07:12 04:39:35"/>
          <property name="Exif/ExposureTime" value="0.0343642611683849"/>
          <property name="Exif/FocalLength" value="6.5"/>
          <property name="Exif/Make" value="FLIR Systems AB"/>
          <property name="Exif/Model" value="FLIR E6"/>
          <property name="Exif/Orientation" value="1"/>
          <property name="Exif/Software" value="1.22.0"/>
          <property name="File/ImageHeight" value="240"/>
          <property name="File/ImageWidth" value="320"/>
          <property name="System/FileModifyDate" value="2017:07:12 04:39:36"/>
          <property name="System/FileSize" value="97607"/>
        </meta>
      </photo>
    </camera>
    <camera camera_id="9">
      <photo path="../../../../Images/TIR/FLIR0020.jpg">
        <meta>
          <property name="Exif/DateTime" value="2017:07:12 04:39:40"/>
          <property name="Exif/DateTimeOriginal" value="2017:07:12 04:39:40"/>
          <property name="Exif/ExposureTime" value="0.0343642611683849"/>
          <property name="Exif/FocalLength" value="6.5"/>
          <property name="Exif/Make" value="FLIR Systems AB"/>
          <property name="Exif/Model" value="FLIR E6"/>
          <property name="Exif/Orientation" value="1"/>
          <property name="Exif/Software" value="1.22.0"/>
          <property name="File/ImageHeight" value="240"/>
          <property name="File/ImageWidth" value="320"/>
          <property name="System/FileModifyDate" value="2017:07:12 04:39:40"/>
          <property name="System/FileSize" value="99734"/>
        </meta>
      </photo>
    </camera>
    <camera camera_id="10">
      <photo path="../../../../Images/TIR/FLIR0022.jpg">
        <meta>
          <property name="Exif/DateTime" value="2017:07:12 04:39:45"/>
          <property name="Exif/DateTimeOriginal" value="2017:07:12 04:39:45"/>
          <property name="Exif/ExposureTime" value="0.0343642611683849"/>
          <property name="Exif/FocalLength" value="6.5"/>
          <property name="Exif/Make" value="FLIR Systems AB"/>
          <property name="Exif/Model" value="FLIR E6"/>
          <property name="Exif/Orientation" value="1"/>
          <property name="Exif/Software" value="1.22.0"/>
          <property name="File/ImageHeight" value="240"/>
          <property name="File/ImageWidth" value="320"/>
          <property name="System/FileModifyDate" value="2017:07:12 04:39:46"/>
          <property name="System/FileSize" value="99241"/>
        </meta>
      </photo>
    </camera>
    <camera camera_id="11">
      <photo path="../../../../Images/TIR/FLIR0024.jpg">
        <meta>
          <property name="Exif/DateTime" value="2017:07:12 04:39:49"/>
          <property name="Exif/DateTimeOriginal" value="2017:07:12 04:39:49"/>
          <property name="Exif/ExposureTime" value="0.0343642611683849"/>
          <property name="Exif/FocalLength" value="6.5"/>
          <property name="Exif/Make" value="FLIR Systems AB"/>
          <property name="Exif/Model" value="FLIR E6"/>
          <property name="Exif/Orientation" value="1"/>
          <property name="Exif/Software" value="1.22.0"/>
          <property name="File/ImageHeight" value="240"/>
          <property name="File/ImageWidth" value="320"/>
          <property name="System/FileModifyDate" value="2017:07:12 04:39:50"/>
          <property name="System/FileSize" value="100503"/>
        </meta>
      </photo>
    </camera>
    <camera camera_id="12">
      <photo path="../../../../Images/TIR/FLIR0026.jpg">
        <meta>
          <property name="Exif/DateTime" value="2017:07:12 04:39:54"/>
          <property name="Exif/DateTimeOriginal" value="2017:07:12 04:39:54"/>
          <property name="Exif/ExposureTime" value="0.0343642611683849"/>
          <property name="Exif/FocalLength" value="6.5"/>
          <property name="Exif/Make" value="FLIR Systems AB"/>
          <property name="Exif/Model" value="FLIR E6"/>
          <property name="Exif/Orientation" value="1"/>
          <property name="Exif/Software" value="1.22.0"/>
          <property name="File/ImageHeight" value="240"/>
          <property name="File/ImageWidth" value="320"/>
          <property name="System/FileModifyDate" value="2017:07:12 04:39:54"/>
          <property name="System/FileSize" value="106444"/>
        </meta>
      </photo>
    </camera>
    <camera camera_id="13">
      <photo path="../../../../Images/TIR/FLIR0028.jpg">
        <meta>
          <property name="Exif/DateTime" value="2017:07:12 04:40:00"/>
          <property name="Exif/DateTimeOriginal" value="2017:07:12 04:40:00"/>
          <property name="Exif/ExposureTime" value="0.0343642611683849"/>
          <property name="Exif/FocalLength" value="6.5"/>
          <property name="Exif/Make" value="FLIR Systems AB"/>
          <property name="Exif/Model" value="FLIR E6"/>
          <property name="Exif/Orientation" value="1"/>
          <property name="Exif/Software" value="1.22.0"/>
          <property name="File/ImageHeight" value="240"/>
          <property name="File/ImageWidth" value="320"/>
          <property name="System/FileModifyDate" value="2017:07:12 04:40:00"/>
          <property name="System/FileSize" value="89858"/>
        </meta>
      </photo>
    </camera>
    <camera camera_id="14">
      <photo path="../../../../Images/TIR/FLIR0030.jpg">
        <meta>
          <property name="Exif/DateTime" value="2017:07:12 04:40:06"/>
          <property name="Exif/DateTimeOriginal" value="2017:07:12 04:40:06"/>
          <property name="Exif/ExposureTime" value="0.0343642611683849"/>
          <property name="Exif/FocalLength" value="6.5"/>
          <property name="Exif/Make" value="FLIR Systems AB"/>
          <property name="Exif/Model" value="FLIR E6"/>
          <property name="Exif/Orientation" value="1"/>
          <property name="Exif/Software" value="1.22.0"/>
          <property name="File/ImageHeight" value="240"/>
          <property name="File/ImageWidth" value="320"/>
          <property name="System/FileModifyDate" value="2017:07:12 04:40:06"/>
          <property name="System/FileSize" value="83829"/>
        </meta>
      </photo>
    </camera>
    <camera camera_id="15">
      <photo path="../../../../Images/TIR/FLIR0032.jpg">
        <meta>
          <property name="Exif/DateTime" value="2017:07:12 04:40:11"/>
          <property name="Exif/DateTimeOriginal" value="2017:07:12 04:40:11"/>
          <property name="Exif/ExposureTime" value="0.0343642611683849"/>
          <property name="Exif/FocalLength" value="6.5"/>
          <property name="Exif/Make" value="FLIR Systems AB"/>
          <property name="Exif/Model" value="FLIR E6"/>
          <property name="Exif/Orientation" value="1"/>
          <property name="Exif/Software" value="1.22.0"/>
          <property name="File/ImageHeight" value="240"/>
          <property name="File/ImageWidth" value="320"/>
          <property name="System/FileModifyDate" value="2017:07:12 04:40:12"/>
          <property name="System/FileSize" value="82150"/>
        </meta>
      </photo>
    </camera>
    <camera camera_id="16">
      <photo path="../../../../Images/TIR/FLIR0034.jpg">
        <meta>
          <property name="Exif/DateTime" value="2017:07:12 04:40:16"/>
          <property name="Exif/DateTimeOriginal" value="2017:07:12 04:40:16"/>
          <property name="Exif/ExposureTime" value="0.0343642611683849"/>
          <property name="Exif/FocalLength" value="6.5"/>
          <property name="Exif/Make" value="FLIR Systems AB"/>
          <property name="Exif/Model" value="FLIR E6"/>
          <property name="Exif/Orientation" value="1"/>
          <property name="Exif/Software" value="1.22.0"/>
          <property name="File/ImageHeight" value="240"/>
          <property name="File/ImageWidth" value="320"/>
          <property name="System/FileModifyDate" value="2017:07:12 04:40:16"/>
          <property name="System/FileSize" value="98489"/>
        </meta>
      </photo>
    </camera>
    <camera camera_id="17">
      <photo path="../../../../Images/TIR/FLIR0036.jpg">
        <meta>
          <property name="Exif/DateTime" value="2017:07:12 04:40:23"/>
          <property name="Exif/DateTimeOriginal" value="2017:07:12 04:40:23"/>
          <property name="Exif/ExposureTime" value="0.0343642611683849"/>
          <property name="Exif/FocalLength" value="6.5"/>
          <property name="Exif/Make" value="FLIR Systems AB"/>
          <property name="Exif/Model" value="FLIR E6"/>
          <property name="Exif/Orientation" value="1"/>
          <property name="Exif/Software" value="1.22.0"/>
          <property name="File/ImageHeight" value="240"/>
          <property name="File/ImageWidth" value="320"/>
          <property name="System/FileModifyDate" value="2017:07:12 04:40:24"/>
          <property name="System/FileSize" value="77194"/>
        </meta>
      </photo>
    </camera>
    <camera camera_id="18">
      <photo path="../../../../Images/TIR/FLIR0038.jpg">
        <meta>
          <property name="Exif/DateTime" value="2017:07:12 04:40:27"/>
          <property name="Exif/DateTimeOriginal" value="2017:07:12 04:40:27"/>
          <property name="Exif/ExposureTime" value="0.0343642611683849"/>
          <property name="Exif/FocalLength" value="6.5"/>
          <property name="Exif/Make" value="FLIR Systems AB"/>
          <property name="Exif/Model" value="FLIR E6"/>
          <property name="Exif/Orientation" value="1"/>
          <property name="Exif/Software" value="1.22.0"/>
          <property name="File/ImageHeight" value="240"/>
          <property name="File/ImageWidth" value="320"/>
          <property name="System/FileModifyDate" value="2017:07:12 04:40:28"/>
          <property name="System/FileSize" value="68102"/>
        </meta>
      </photo>
    </camera>
    <camera camera_id="19">
      <photo path="../../../../Images/TIR/FLIR0040.jpg">
        <meta>
          <property name="Exif/DateTime" value="2017:07:12 04:40:32"/>
          <property name="Exif/DateTimeOriginal" value="2017:07:12 04:40:32"/>
          <property name="Exif/ExposureTime" value="0.0343642611683849"/>
          <property name="Exif/FocalLength" value="6.5"/>
          <property name="Exif/Make" value="FLIR Systems AB"/>
          <property name="Exif/Model" value="FLIR E6"/>
          <property name="Exif/Orientation" value="1"/>
          <property name="Exif/Software" value="1.22.0"/>
          <property name="File/ImageHeight" value="240"/>
          <property name="File/ImageWidth" value="320"/>
          <property name="System/FileModifyDate" value="2017:07:12 04:40:32"/>
          <property name="System/FileSize" value="63095"/>
        </meta>
      </photo>
    </camera>
    <camera camera_id="20">
      <photo path="../../../../Images/TIR/FLIR0042.jpg">
        <meta>
          <property name="Exif/DateTime" value="2017:07:12 04:40:43"/>
          <property name="Exif/DateTimeOriginal" value="2017:07:12 04:40:43"/>
          <property name="Exif/ExposureTime" value="0.0343642611683849"/>
          <property name="Exif/FocalLength" value="6.5"/>
          <property name="Exif/Make" value="FLIR Systems AB"/>
          <property name="Exif/Model" value="FLIR E6"/>
          <property name="Exif/Orientation" value="1"/>
          <property name="Exif/Software" value="1.22.0"/>
          <property name="File/ImageHeight" value="240"/>
          <property name="File/ImageWidth" value="320"/>
          <property name="System/FileModifyDate" value="2017:07:12 04:40:44"/>
          <property name="System/FileSize" value="62755"/>
        </meta>
      </photo>
    </camera>
    <camera camera_id="21">
      <photo path="../../../../Images/TIR/FLIR0044.jpg">
        <meta>
          <property name="Exif/DateTime" value="2017:07:12 04:40:48"/>
          <property name="Exif/DateTimeOriginal" value="2017:07:12 04:40:48"/>
          <property name="Exif/ExposureTime" value="0.0343642611683849"/>
          <property name="Exif/FocalLength" value="6.5"/>
          <property name="Exif/Make" value="FLIR Systems AB"/>
          <property name="Exif/Model" value="FLIR E6"/>
          <property name="Exif/Orientation" value="1"/>
          <property name="Exif/Software" value="1.22.0"/>
          <property name="File/ImageHeight" value="240"/>
          <property name="File/ImageWidth" value="320"/>
          <property name="System/FileModifyDate" value="2017:07:12 04:40:48"/>
          <property name="System/FileSize" value="75358"/>
        </meta>
      </photo>
    </camera>
    <camera camera_id="22">
      <photo path="../../../../Images/TIR/FLIR0046.jpg">
        <meta>
          <property name="Exif/DateTime" value="2017:07:12 04:40:53"/>
          <property name="Exif/DateTimeOriginal" value="2017:07:12 04:40:53"/>
          <property name="Exif/ExposureTime" value="0.0343642611683849"/>
          <property name="Exif/FocalLength" value="6.5"/>
          <property name="Exif/Make" value="FLIR Systems AB"/>
          <property name="Exif/Model" value="FLIR E6"/>
          <property name="Exif/Orientation" value="1"/>
          <property name="Exif/Software" value="1.22.0"/>
          <property name="File/ImageHeight" value="240"/>
          <property name="File/ImageWidth" value="320"/>
          <property name="System/FileModifyDate" value="2017:07:12 04:40:54"/>
          <property name="System/FileSize" value="82726"/>
        </meta>
      </photo>
    </camera>
    <camera camera_id="23">
      <photo path="../../../../Images/TIR/FLIR0048.jpg">
        <meta>
          <property name="Exif/DateTime" value="2017:07:12 04:40:57"/>
          <property name="Exif/DateTimeOriginal" value="2017:07:12 04:40:57"/>
          <property name="Exif/ExposureTime" value="0.0343642611683849"/>
          <property name="Exif/FocalLength" value="6.5"/>
          <property name="Exif/Make" value="FLIR Systems AB"/>
          <property name="Exif/Model" value="FLIR E6"/>
          <property name="Exif/Orientation" value="1"/>
          <property name="Exif/Software" value="1.22.0"/>
          <property name="File/ImageHeight" value="240"/>
          <property name="File/ImageWidth" value="320"/>
          <property name="System/FileModifyDate" value="2017:07:12 04:40:58"/>
          <property name="System/FileSize" value="78758"/>
        </meta>
      </photo>
    </camera>
    <camera camera_id="24">
      <photo path="../../../../Images/TIR/FLIR0050.jpg">
        <meta>
          <property name="Exif/DateTime" value="2017:07:12 04:41:03"/>
          <property name="Exif/DateTimeOriginal" value="2017:07:12 04:41:03"/>
          <property name="Exif/ExposureTime" value="0.0343642611683849"/>
          <property name="Exif/FocalLength" value="6.5"/>
          <property name="Exif/Make" value="FLIR Systems AB"/>
          <property name="Exif/Model" value="FLIR E6"/>
          <property name="Exif/Orientation" value="1"/>
          <property name="Exif/Software" value="1.22.0"/>
          <property name="File/ImageHeight" value="240"/>
          <property name="File/ImageWidth" value="320"/>
          <property name="System/FileModifyDate" value="2017:07:12 04:41:04"/>
          <property name="System/FileSize" value="91203"/>
        </meta>
      </photo>
    </camera>
    <camera camera_id="25">
      <photo path="../../../../Images/TIR/FLIR0052.jpg">
        <meta>
          <property name="Exif/DateTime" value="2017:07:12 04:41:11"/>
          <property name="Exif/DateTimeOriginal" value="2017:07:12 04:41:11"/>
          <property name="Exif/ExposureTime" value="0.0343642611683849"/>
          <property name="Exif/FocalLength" value="6.5"/>
          <property name="Exif/Make" value="FLIR Systems AB"/>
          <property name="Exif/Model" value="FLIR E6"/>
          <property name="Exif/Orientation" value="1"/>
          <property name="Exif/Software" value="1.22.0"/>
          <property name="File/ImageHeight" value="240"/>
          <property name="File/ImageWidth" value="320"/>
          <property name="System/FileModifyDate" value="2017:07:12 04:41:12"/>
          <property name="System/FileSize" value="79206"/>
        </meta>
      </photo>
    </camera>
    <camera camera_id="26">
      <photo path="../../../../Images/TIR/FLIR0054.jpg">
        <meta>
          <property name="Exif/DateTime" value="2017:07:12 04:41:18"/>
          <property name="Exif/DateTimeOriginal" value="2017:07:12 04:41:18"/>
          <property name="Exif/ExposureTime" value="0.0343642611683849"/>
          <property name="Exif/FocalLength" value="6.5"/>
          <property name="Exif/Make" value="FLIR Systems AB"/>
          <property name="Exif/Model" value="FLIR E6"/>
          <property name="Exif/Orientation" value="1"/>
          <property name="Exif/Software" value="1.22.0"/>
          <property name="File/ImageHeight" value="240"/>
          <property name="File/ImageWidth" value="320"/>
          <property name="System/FileModifyDate" value="2017:07:12 04:41:18"/>
          <property name="System/FileSize" value="72993"/>
        </meta>
      </photo>
    </camera>
    <camera camera_id="27">
      <photo path="../../../../Images/TIR/FLIR0056.jpg">
        <meta>
          <property name="Exif/DateTime" value="2017:07:12 04:41:25"/>
          <property name="Exif/DateTimeOriginal" value="2017:07:12 04:41:25"/>
          <property name="Exif/ExposureTime" value="0.0343642611683849"/>
          <property name="Exif/FocalLength" value="6.5"/>
          <property name="Exif/Make" value="FLIR Systems AB"/>
          <property name="Exif/Model" value="FLIR E6"/>
          <property name="Exif/Orientation" value="1"/>
          <property name="Exif/Software" value="1.22.0"/>
          <property name="File/ImageHeight" value="240"/>
          <property name="File/ImageWidth" value="320"/>
          <property name="System/FileModifyDate" value="2017:07:12 04:41:26"/>
          <property name="System/FileSize" value="76698"/>
        </meta>
      </photo>
    </camera>
    <camera camera_id="28">
      <photo path="../../../../Images/TIR/FLIR0058.jpg">
        <meta>
          <property name="Exif/DateTime" value="2017:07:12 04:43:12"/>
          <property name="Exif/DateTimeOriginal" value="2017:07:12 04:43:12"/>
          <property name="Exif/ExposureTime" value="0.0343642611683849"/>
          <property name="Exif/FocalLength" value="6.5"/>
          <property name="Exif/Make" value="FLIR Systems AB"/>
          <property name="Exif/Model" value="FLIR E6"/>
          <property name="Exif/Orientation" value="1"/>
          <property name="Exif/Software" value="1.22.0"/>
          <property name="File/ImageHeight" value="240"/>
          <property name="File/ImageWidth" value="320"/>
          <property name="System/FileModifyDate" value="2017:07:12 04:43:12"/>
          <property name="System/FileSize" value="71989"/>
        </meta>
      </photo>
    </camera>
    <camera camera_id="29">
      <photo path="../../../../Images/TIR/FLIR0060.jpg">
        <meta>
          <property name="Exif/DateTime" value="2017:07:12 04:43:17"/>
          <property name="Exif/DateTimeOriginal" value="2017:07:12 04:43:17"/>
          <property name="Exif/ExposureTime" value="0.0343642611683849"/>
          <property name="Exif/FocalLength" value="6.5"/>
          <property name="Exif/Make" value="FLIR Systems AB"/>
          <property name="Exif/Model" value="FLIR E6"/>
          <property name="Exif/Orientation" value="1"/>
          <property name="Exif/Software" value="1.22.0"/>
          <property name="File/ImageHeight" value="240"/>
          <property name="File/ImageWidth" value="320"/>
          <property name="System/FileModifyDate" value="2017:07:12 04:43:18"/>
          <property name="System/FileSize" value="99339"/>
        </meta>
      </photo>
    </camera>
    <camera camera_id="30">
      <photo path="../../../../Images/TIR/FLIR0062.jpg">
        <meta>
          <property name="Exif/DateTime" value="2017:07:12 04:43:21"/>
          <property name="Exif/DateTimeOriginal" value="2017:07:12 04:43:21"/>
          <property name="Exif/ExposureTime" value="0.0343642611683849"/>
          <property name="Exif/FocalLength" value="6.5"/>
          <property name="Exif/Make" value="FLIR Systems AB"/>
          <property name="Exif/Model" value="FLIR E6"/>
          <property name="Exif/Orientation" value="1"/>
          <property name="Exif/Software" value="1.22.0"/>
          <property name="File/ImageHeight" value="240"/>
          <property name="File/ImageWidth" value="320"/>
          <property name="System/FileModifyDate" value="2017:07:12 04:43:22"/>
          <property name="System/FileSize" value="99046"/>
        </meta>
      </photo>
    </camera>
    <camera camera_id="31">
      <photo path="../../../../Images/TIR/FLIR0064.jpg">
        <meta>
          <property name="Exif/DateTime" value="2017:07:12 04:43:25"/>
          <property name="Exif/DateTimeOriginal" value="2017:07:12 04:43:25"/>
          <property name="Exif/ExposureTime" value="0.0343642611683849"/>
          <property name="Exif/FocalLength" value="6.5"/>
          <property name="Exif/Make" value="FLIR Systems AB"/>
          <property name="Exif/Model" value="FLIR E6"/>
          <property name="Exif/Orientation" value="1"/>
          <property name="Exif/Software" value="1.22.0"/>
          <property name="File/ImageHeight" value="240"/>
          <property name="File/ImageWidth" value="320"/>
          <property name="System/FileModifyDate" value="2017:07:12 04:43:26"/>
          <property name="System/FileSize" value="77803"/>
        </meta>
      </photo>
    </camera>
    <camera camera_id="32">
      <photo path="../../../../Images/TIR/FLIR0066.jpg">
        <meta>
          <property name="Exif/DateTime" value="2017:07:12 04:43:28"/>
          <property name="Exif/DateTimeOriginal" value="2017:07:12 04:43:28"/>
          <property name="Exif/ExposureTime" value="0.0343642611683849"/>
          <property name="Exif/FocalLength" value="6.5"/>
          <property name="Exif/Make" value="FLIR Systems AB"/>
          <property name="Exif/Model" value="FLIR E6"/>
          <property name="Exif/Orientation" value="1"/>
          <property name="Exif/Software" value="1.22.0"/>
          <property name="File/ImageHeight" value="240"/>
          <property name="File/ImageWidth" value="320"/>
          <property name="System/FileModifyDate" value="2017:07:12 04:43:28"/>
          <property name="System/FileSize" value="62405"/>
        </meta>
      </photo>
    </camera>
    <camera camera_id="33">
      <photo path="../../../../Images/TIR/FLIR0068.jpg">
        <meta>
          <property name="Exif/DateTime" value="2017:07:12 04:43:32"/>
          <property name="Exif/DateTimeOriginal" value="2017:07:12 04:43:32"/>
          <property name="Exif/ExposureTime" value="0.0343642611683849"/>
          <property name="Exif/FocalLength" value="6.5"/>
          <property name="Exif/Make" value="FLIR Systems AB"/>
          <property name="Exif/Model" value="FLIR E6"/>
          <property name="Exif/Orientation" value="1"/>
          <property name="Exif/Software" value="1.22.0"/>
          <property name="File/ImageHeight" value="240"/>
          <property name="File/ImageWidth" value="320"/>
          <property name="System/FileModifyDate" value="2017:07:12 04:43:32"/>
          <property name="System/FileSize" value="107779"/>
        </meta>
      </photo>
    </camera>
    <camera camera_id="34">
      <photo path="../../../../Images/TIR/FLIR0070.jpg">
        <meta>
          <property name="Exif/DateTime" value="2017:07:12 04:43:36"/>
          <property name="Exif/DateTimeOriginal" value="2017:07:12 04:43:36"/>
          <property name="Exif/ExposureTime" value="0.0343642611683849"/>
          <property name="Exif/FocalLength" value="6.5"/>
          <property name="Exif/Make" value="FLIR Systems AB"/>
          <property name="Exif/Model" value="FLIR E6"/>
          <property name="Exif/Orientation" value="1"/>
          <property name="Exif/Software" value="1.22.0"/>
          <property name="File/ImageHeight" value="240"/>
          <property name="File/ImageWidth" value="320"/>
          <property name="System/FileModifyDate" value="2017:07:12 04:43:36"/>
          <property name="System/FileSize" value="108952"/>
        </meta>
      </photo>
    </camera>
    <camera camera_id="35">
      <photo path="../../../../Images/TIR/FLIR0072.jpg">
        <meta>
          <property name="Exif/DateTime" value="2017:07:12 04:43:41"/>
          <property name="Exif/DateTimeOriginal" value="2017:07:12 04:43:41"/>
          <property name="Exif/ExposureTime" value="0.0343642611683849"/>
          <property name="Exif/FocalLength" value="6.5"/>
          <property name="Exif/Make" value="FLIR Systems AB"/>
          <property name="Exif/Model" value="FLIR E6"/>
          <property name="Exif/Orientation" value="1"/>
          <property name="Exif/Software" value="1.22.0"/>
          <property name="File/ImageHeight" value="240"/>
          <property name="File/ImageWidth" value="320"/>
          <property name="System/FileModifyDate" value="2017:07:12 04:43:42"/>
          <property name="System/FileSize" value="103731"/>
        </meta>
      </photo>
    </camera>
    <camera camera_id="36">
      <photo path="../../../../Images/TIR/FLIR0074.jpg">
        <meta>
          <property name="Exif/DateTime" value="2017:07:12 04:43:46"/>
          <property name="Exif/DateTimeOriginal" value="2017:07:12 04:43:46"/>
          <property name="Exif/ExposureTime" value="0.0343642611683849"/>
          <property name="Exif/FocalLength" value="6.5"/>
          <property name="Exif/Make" value="FLIR Systems AB"/>
          <property name="Exif/Model" value="FLIR E6"/>
          <property name="Exif/Orientation" value="1"/>
          <property name="Exif/Software" value="1.22.0"/>
          <property name="File/ImageHeight" value="240"/>
          <property name="File/ImageWidth" value="320"/>
          <property name="System/FileModifyDate" value="2017:07:12 04:43:46"/>
          <property name="System/FileSize" value="100403"/>
        </meta>
      </photo>
    </camera>
    <camera camera_id="37">
      <photo path="../../../../Images/TIR/FLIR0076.jpg">
        <meta>
          <property name="Exif/DateTime" value="2017:07:12 04:43:51"/>
          <property name="Exif/DateTimeOriginal" value="2017:07:12 04:43:51"/>
          <property name="Exif/ExposureTime" value="0.0343642611683849"/>
          <property name="Exif/FocalLength" value="6.5"/>
          <property name="Exif/Make" value="FLIR Systems AB"/>
          <property name="Exif/Model" value="FLIR E6"/>
          <property name="Exif/Orientation" value="1"/>
          <property name="Exif/Software" value="1.22.0"/>
          <property name="File/ImageHeight" value="240"/>
          <property name="File/ImageWidth" value="320"/>
          <property name="System/FileModifyDate" value="2017:07:12 04:43:52"/>
          <property name="System/FileSize" value="98901"/>
        </meta>
      </photo>
    </camera>
    <camera camera_id="38">
      <photo path="../../../../Images/TIR/FLIR0078.jpg">
        <meta>
          <property name="Exif/DateTime" value="2017:07:12 04:43:57"/>
          <property name="Exif/DateTimeOriginal" value="2017:07:12 04:43:57"/>
          <property name="Exif/ExposureTime" value="0.0343642611683849"/>
          <property name="Exif/FocalLength" value="6.5"/>
          <property name="Exif/Make" value="FLIR Systems AB"/>
          <property name="Exif/Model" value="FLIR E6"/>
          <property name="Exif/Orientation" value="1"/>
          <property name="Exif/Software" value="1.22.0"/>
          <property name="File/ImageHeight" value="240"/>
          <property name="File/ImageWidth" value="320"/>
          <property name="System/FileModifyDate" value="2017:07:12 04:43:58"/>
          <property name="System/FileSize" value="91476"/>
        </meta>
      </photo>
    </camera>
    <camera camera_id="39">
      <photo path="../../../../Images/TIR/FLIR0080.jpg">
        <meta>
          <property name="Exif/DateTime" value="2017:07:12 04:44:03"/>
          <property name="Exif/DateTimeOriginal" value="2017:07:12 04:44:03"/>
          <property name="Exif/ExposureTime" value="0.0343642611683849"/>
          <property name="Exif/FocalLength" value="6.5"/>
          <property name="Exif/Make" value="FLIR Systems AB"/>
          <property name="Exif/Model" value="FLIR E6"/>
          <property name="Exif/Orientation" value="1"/>
          <property name="Exif/Software" value="1.22.0"/>
          <property name="File/ImageHeight" value="240"/>
          <property name="File/ImageWidth" value="320"/>
          <property name="System/FileModifyDate" value="2017:07:12 04:44:04"/>
          <property name="System/FileSize" value="104201"/>
        </meta>
      </photo>
    </camera>
    <camera camera_id="40">
      <photo path="../../../../Images/TIR/FLIR0082.jpg">
        <meta>
          <property name="Exif/DateTime" value="2017:07:12 04:44:08"/>
          <property name="Exif/DateTimeOriginal" value="2017:07:12 04:44:08"/>
          <property name="Exif/ExposureTime" value="0.0343642611683849"/>
          <property name="Exif/FocalLength" value="6.5"/>
          <property name="Exif/Make" value="FLIR Systems AB"/>
          <property name="Exif/Model" value="FLIR E6"/>
          <property name="Exif/Orientation" value="1"/>
          <property name="Exif/Software" value="1.22.0"/>
          <property name="File/ImageHeight" value="240"/>
          <property name="File/ImageWidth" value="320"/>
          <property name="System/FileModifyDate" value="2017:07:12 04:44:08"/>
          <property name="System/FileSize" value="99881"/>
        </meta>
      </photo>
    </camera>
    <camera camera_id="41">
      <photo path="../../../../Images/TIR/FLIR0084.jpg">
        <meta>
          <property name="Exif/DateTime" value="2017:07:12 04:44:15"/>
          <property name="Exif/DateTimeOriginal" value="2017:07:12 04:44:15"/>
          <property name="Exif/ExposureTime" value="0.0343642611683849"/>
          <property name="Exif/FocalLength" value="6.5"/>
          <property name="Exif/Make" value="FLIR Systems AB"/>
          <property name="Exif/Model" value="FLIR E6"/>
          <property name="Exif/Orientation" value="1"/>
          <property name="Exif/Software" value="1.22.0"/>
          <property name="File/ImageHeight" value="240"/>
          <property name="File/ImageWidth" value="320"/>
          <property name="System/FileModifyDate" value="2017:07:12 04:44:16"/>
          <property name="System/FileSize" value="95125"/>
        </meta>
      </photo>
    </camera>
    <camera camera_id="42">
      <photo path="../../../../Images/TIR/FLIR0086.jpg">
        <meta>
          <property name="Exif/DateTime" value="2017:07:12 04:44:21"/>
          <property name="Exif/DateTimeOriginal" value="2017:07:12 04:44:21"/>
          <property name="Exif/ExposureTime" value="0.0343642611683849"/>
          <property name="Exif/FocalLength" value="6.5"/>
          <property name="Exif/Make" value="FLIR Systems AB"/>
          <property name="Exif/Model" value="FLIR E6"/>
          <property name="Exif/Orientation" value="1"/>
          <property name="Exif/Software" value="1.22.0"/>
          <property name="File/ImageHeight" value="240"/>
          <property name="File/ImageWidth" value="320"/>
          <property name="System/FileModifyDate" value="2017:07:12 04:44:22"/>
          <property name="System/FileSize" value="89430"/>
        </meta>
      </photo>
    </camera>
    <camera camera_id="43">
      <photo path="../../../../Images/TIR/FLIR0088.jpg">
        <meta>
          <property name="Exif/DateTime" value="2017:07:12 04:44:28"/>
          <property name="Exif/DateTimeOriginal" value="2017:07:12 04:44:28"/>
          <property name="Exif/ExposureTime" value="0.0343642611683849"/>
          <property name="Exif/FocalLength" value="6.5"/>
          <property name="Exif/Make" value="FLIR Systems AB"/>
          <property name="Exif/Model" value="FLIR E6"/>
          <property name="Exif/Orientation" value="1"/>
          <property name="Exif/Software" value="1.22.0"/>
          <property name="File/ImageHeight" value="240"/>
          <property name="File/ImageWidth" value="320"/>
          <property name="System/FileModifyDate" value="2017:07:12 04:44:28"/>
          <property name="System/FileSize" value="64498"/>
        </meta>
      </photo>
    </camera>
    <camera camera_id="44">
      <photo path="../../../../Images/TIR/FLIR0090.jpg">
        <meta>
          <property name="Exif/DateTime" value="2017:07:12 04:44:33"/>
          <property name="Exif/DateTimeOriginal" value="2017:07:12 04:44:33"/>
          <property name="Exif/ExposureTime" value="0.0343642611683849"/>
          <property name="Exif/FocalLength" value="6.5"/>
          <property name="Exif/Make" value="FLIR Systems AB"/>
          <property name="Exif/Model" value="FLIR E6"/>
          <property name="Exif/Orientation" value="1"/>
          <property name="Exif/Software" value="1.22.0"/>
          <property name="File/ImageHeight" value="240"/>
          <property name="File/ImageWidth" value="320"/>
          <property name="System/FileModifyDate" value="2017:07:12 04:44:34"/>
          <property name="System/FileSize" value="80896"/>
        </meta>
      </photo>
    </camera>
    <camera camera_id="45">
      <photo path="../../../../Images/TIR/FLIR0092.jpg">
        <meta>
          <property name="Exif/DateTime" value="2017:07:12 04:44:38"/>
          <property name="Exif/DateTimeOriginal" value="2017:07:12 04:44:38"/>
          <property name="Exif/ExposureTime" value="0.0343642611683849"/>
          <property name="Exif/FocalLength" value="6.5"/>
          <property name="Exif/Make" value="FLIR Systems AB"/>
          <property name="Exif/Model" value="FLIR E6"/>
          <property name="Exif/Orientation" value="1"/>
          <property name="Exif/Software" value="1.22.0"/>
          <property name="File/ImageHeight" value="240"/>
          <property name="File/ImageWidth" value="320"/>
          <property name="System/FileModifyDate" value="2017:07:12 04:44:40"/>
          <property name="System/FileSize" value="100911"/>
        </meta>
      </photo>
    </camera>
    <camera camera_id="46">
      <photo path="../../../../Images/TIR/FLIR0094.jpg">
        <meta>
          <property name="Exif/DateTime" value="2017:07:12 04:44:45"/>
          <property name="Exif/DateTimeOriginal" value="2017:07:12 04:44:45"/>
          <property name="Exif/ExposureTime" value="0.0343642611683849"/>
          <property name="Exif/FocalLength" value="6.5"/>
          <property name="Exif/Make" value="FLIR Systems AB"/>
          <property name="Exif/Model" value="FLIR E6"/>
          <property name="Exif/Orientation" value="1"/>
          <property name="Exif/Software" value="1.22.0"/>
          <property name="File/ImageHeight" value="240"/>
          <property name="File/ImageWidth" value="320"/>
          <property name="System/FileModifyDate" value="2017:07:12 04:44:46"/>
          <property name="System/FileSize" value="97570"/>
        </meta>
      </photo>
    </camera>
    <camera camera_id="47">
      <photo path="../../../../Images/TIR/FLIR0096.jpg">
        <meta>
          <property name="Exif/DateTime" value="2017:07:12 04:44:54"/>
          <property name="Exif/DateTimeOriginal" value="2017:07:12 04:44:54"/>
          <property name="Exif/ExposureTime" value="0.0343642611683849"/>
          <property name="Exif/FocalLength" value="6.5"/>
          <property name="Exif/Make" value="FLIR Systems AB"/>
          <property name="Exif/Model" value="FLIR E6"/>
          <property name="Exif/Orientation" value="1"/>
          <property name="Exif/Software" value="1.22.0"/>
          <property name="File/ImageHeight" value="240"/>
          <property name="File/ImageWidth" value="320"/>
          <property name="System/FileModifyDate" value="2017:07:12 04:44:54"/>
          <property name="System/FileSize" value="100813"/>
        </meta>
      </photo>
    </camera>
    <camera camera_id="48">
      <photo path="../../../../Images/TIR/FLIR0098.jpg">
        <meta>
          <property name="Exif/DateTime" value="2017:07:12 04:45:01"/>
          <property name="Exif/DateTimeOriginal" value="2017:07:12 04:45:01"/>
          <property name="Exif/ExposureTime" value="0.0343642611683849"/>
          <property name="Exif/FocalLength" value="6.5"/>
          <property name="Exif/Make" value="FLIR Systems AB"/>
          <property name="Exif/Model" value="FLIR E6"/>
          <property name="Exif/Orientation" value="1"/>
          <property name="Exif/Software" value="1.22.0"/>
          <property name="File/ImageHeight" value="240"/>
          <property name="File/ImageWidth" value="320"/>
          <property name="System/FileModifyDate" value="2017:07:12 04:45:02"/>
          <property name="System/FileSize" value="97235"/>
        </meta>
      </photo>
    </camera>
    <camera camera_id="49">
      <photo path="../../../../Images/TIR/FLIR0100.jpg">
        <meta>
          <property name="Exif/DateTime" value="2017:07:12 04:45:09"/>
          <property name="Exif/DateTimeOriginal" value="2017:07:12 04:45:09"/>
          <property name="Exif/ExposureTime" value="0.0343642611683849"/>
          <property name="Exif/FocalLength" value="6.5"/>
          <property name="Exif/Make" value="FLIR Systems AB"/>
          <property name="Exif/Model" value="FLIR E6"/>
          <property name="Exif/Orientation" value="1"/>
          <property name="Exif/Software" value="1.22.0"/>
          <property name="File/ImageHeight" value="240"/>
          <property name="File/ImageWidth" value="320"/>
          <property name="System/FileModifyDate" value="2017:07:12 04:45:10"/>
          <property name="System/FileSize" value="87953"/>
        </meta>
      </photo>
    </camera>
    <camera camera_id="50">
      <photo path="../../../../Images/TIR/FLIR0102.jpg">
        <meta>
          <property name="Exif/DateTime" value="2017:07:12 04:45:15"/>
          <property name="Exif/DateTimeOriginal" value="2017:07:12 04:45:15"/>
          <property name="Exif/ExposureTime" value="0.0343642611683849"/>
          <property name="Exif/FocalLength" value="6.5"/>
          <property name="Exif/Make" value="FLIR Systems AB"/>
          <property name="Exif/Model" value="FLIR E6"/>
          <property name="Exif/Orientation" value="1"/>
          <property name="Exif/Software" value="1.22.0"/>
          <property name="File/ImageHeight" value="240"/>
          <property name="File/ImageWidth" value="320"/>
          <property name="System/FileModifyDate" value="2017:07:12 04:45:16"/>
          <property name="System/FileSize" value="80444"/>
        </meta>
      </photo>
    </camera>
    <camera camera_id="51">
      <photo path="../../../../Images/TIR/FLIR0104.jpg">
        <meta>
          <property name="Exif/DateTime" value="2017:07:12 04:45:20"/>
          <property name="Exif/DateTimeOriginal" value="2017:07:12 04:45:20"/>
          <property name="Exif/ExposureTime" value="0.0343642611683849"/>
          <property name="Exif/FocalLength" value="6.5"/>
          <property name="Exif/Make" value="FLIR Systems AB"/>
          <property name="Exif/Model" value="FLIR E6"/>
          <property name="Exif/Orientation" value="1"/>
          <property name="Exif/Software" value="1.22.0"/>
          <property name="File/ImageHeight" value="240"/>
          <property name="File/ImageWidth" value="320"/>
          <property name="System/FileModifyDate" value="2017:07:12 04:45:20"/>
          <property name="System/FileSize" value="82766"/>
        </meta>
      </photo>
    </camera>
    <camera camera_id="52">
      <photo path="../../../../Images/TIR/FLIR0106.jpg">
        <meta>
          <property name="Exif/DateTime" value="2017:07:12 04:45:24"/>
          <property name="Exif/DateTimeOriginal" value="2017:07:12 04:45:24"/>
          <property name="Exif/ExposureTime" value="0.0343642611683849"/>
          <property name="Exif/FocalLength" value="6.5"/>
          <property name="Exif/Make" value="FLIR Systems AB"/>
          <property name="Exif/Model" value="FLIR E6"/>
          <property name="Exif/Orientation" value="1"/>
          <property name="Exif/Software" value="1.22.0"/>
          <property name="File/ImageHeight" value="240"/>
          <property name="File/ImageWidth" value="320"/>
          <property name="System/FileModifyDate" value="2017:07:12 04:45:24"/>
          <property name="System/FileSize" value="84128"/>
        </meta>
      </photo>
    </camera>
    <camera camera_id="53">
      <photo path="../../../../Images/TIR/FLIR0108.jpg">
        <meta>
          <property name="Exif/DateTime" value="2017:07:12 04:45:30"/>
          <property name="Exif/DateTimeOriginal" value="2017:07:12 04:45:30"/>
          <property name="Exif/ExposureTime" value="0.0343642611683849"/>
          <property name="Exif/FocalLength" value="6.5"/>
          <property name="Exif/Make" value="FLIR Systems AB"/>
          <property name="Exif/Model" value="FLIR E6"/>
          <property name="Exif/Orientation" value="1"/>
          <property name="Exif/Software" value="1.22.0"/>
          <property name="File/ImageHeight" value="240"/>
          <property name="File/ImageWidth" value="320"/>
          <property name="System/FileModifyDate" value="2017:07:12 04:45:30"/>
          <property name="System/FileSize" value="86081"/>
        </meta>
      </photo>
    </camera>
    <camera camera_id="54">
      <photo path="../../../../Images/TIR/FLIR0110.jpg">
        <meta>
          <property name="Exif/DateTime" value="2017:07:12 04:45:36"/>
          <property name="Exif/DateTimeOriginal" value="2017:07:12 04:45:36"/>
          <property name="Exif/ExposureTime" value="0.0343642611683849"/>
          <property name="Exif/FocalLength" value="6.5"/>
          <property name="Exif/Make" value="FLIR Systems AB"/>
          <property name="Exif/Model" value="FLIR E6"/>
          <property name="Exif/Orientation" value="1"/>
          <property name="Exif/Software" value="1.22.0"/>
          <property name="File/ImageHeight" value="240"/>
          <property name="File/ImageWidth" value="320"/>
          <property name="System/FileModifyDate" value="2017:07:12 04:45:38"/>
          <property name="System/FileSize" value="82576"/>
        </meta>
      </photo>
    </camera>
    <camera camera_id="55">
      <photo path="../../../../Images/TIR/FLIR0112.jpg">
        <meta>
          <property name="Exif/DateTime" value="2017:07:12 04:45:41"/>
          <property name="Exif/DateTimeOriginal" value="2017:07:12 04:45:41"/>
          <property name="Exif/ExposureTime" value="0.0343642611683849"/>
          <property name="Exif/FocalLength" value="6.5"/>
          <property name="Exif/Make" value="FLIR Systems AB"/>
          <property name="Exif/Model" value="FLIR E6"/>
          <property name="Exif/Orientation" value="1"/>
          <property name="Exif/Software" value="1.22.0"/>
          <property name="File/ImageHeight" value="240"/>
          <property name="File/ImageWidth" value="320"/>
          <property name="System/FileModifyDate" value="2017:07:12 04:45:42"/>
          <property name="System/FileSize" value="88473"/>
        </meta>
      </photo>
    </camera>
    <camera camera_id="56">
      <photo path="../../../../Images/TIR/FLIR0114.jpg">
        <meta>
          <property name="Exif/DateTime" value="2017:07:12 04:45:47"/>
          <property name="Exif/DateTimeOriginal" value="2017:07:12 04:45:47"/>
          <property name="Exif/ExposureTime" value="0.0343642611683849"/>
          <property name="Exif/FocalLength" value="6.5"/>
          <property name="Exif/Make" value="FLIR Systems AB"/>
          <property name="Exif/Model" value="FLIR E6"/>
          <property name="Exif/Orientation" value="1"/>
          <property name="Exif/Software" value="1.22.0"/>
          <property name="File/ImageHeight" value="240"/>
          <property name="File/ImageWidth" value="320"/>
          <property name="System/FileModifyDate" value="2017:07:12 04:45:48"/>
          <property name="System/FileSize" value="81183"/>
        </meta>
      </photo>
    </camera>
    <camera camera_id="57">
      <photo path="../../../../Images/TIR/FLIR0116.jpg">
        <meta>
          <property name="Exif/DateTime" value="2017:07:12 04:45:55"/>
          <property name="Exif/DateTimeOriginal" value="2017:07:12 04:45:55"/>
          <property name="Exif/ExposureTime" value="0.0343642611683849"/>
          <property name="Exif/FocalLength" value="6.5"/>
          <property name="Exif/Make" value="FLIR Systems AB"/>
          <property name="Exif/Model" value="FLIR E6"/>
          <property name="Exif/Orientation" value="1"/>
          <property name="Exif/Software" value="1.22.0"/>
          <property name="File/ImageHeight" value="240"/>
          <property name="File/ImageWidth" value="320"/>
          <property name="System/FileModifyDate" value="2017:07:12 04:45:56"/>
          <property name="System/FileSize" value="75920"/>
        </meta>
      </photo>
    </camera>
    <camera camera_id="58">
      <photo path="../../../../Images/TIR/FLIR0118.jpg">
        <meta>
          <property name="Exif/DateTime" value="2017:07:12 04:46:01"/>
          <property name="Exif/DateTimeOriginal" value="2017:07:12 04:46:01"/>
          <property name="Exif/ExposureTime" value="0.0343642611683849"/>
          <property name="Exif/FocalLength" value="6.5"/>
          <property name="Exif/Make" value="FLIR Systems AB"/>
          <property name="Exif/Model" value="FLIR E6"/>
          <property name="Exif/Orientation" value="1"/>
          <property name="Exif/Software" value="1.22.0"/>
          <property name="File/ImageHeight" value="240"/>
          <property name="File/ImageWidth" value="320"/>
          <property name="System/FileModifyDate" value="2017:07:12 04:46:02"/>
          <property name="System/FileSize" value="74611"/>
        </meta>
      </photo>
    </camera>
    <camera camera_id="59">
      <photo path="../../../../Images/TIR/FLIR0120.jpg">
        <meta>
          <property name="Exif/DateTime" value="2017:07:12 04:46:06"/>
          <property name="Exif/DateTimeOriginal" value="2017:07:12 04:46:06"/>
          <property name="Exif/ExposureTime" value="0.0343642611683849"/>
          <property name="Exif/FocalLength" value="6.5"/>
          <property name="Exif/Make" value="FLIR Systems AB"/>
          <property name="Exif/Model" value="FLIR E6"/>
          <property name="Exif/Orientation" value="1"/>
          <property name="Exif/Software" value="1.22.0"/>
          <property name="File/ImageHeight" value="240"/>
          <property name="File/ImageWidth" value="320"/>
          <property name="System/FileModifyDate" value="2017:07:12 04:46:06"/>
          <property name="System/FileSize" value="82214"/>
        </meta>
      </photo>
    </camera>
    <camera camera_id="60">
      <photo path="../../../../Images/TIR/FLIR0122.jpg">
        <meta>
          <property name="Exif/DateTime" value="2017:07:12 04:46:11"/>
          <property name="Exif/DateTimeOriginal" value="2017:07:12 04:46:11"/>
          <property name="Exif/ExposureTime" value="0.0343642611683849"/>
          <property name="Exif/FocalLength" value="6.5"/>
          <property name="Exif/Make" value="FLIR Systems AB"/>
          <property name="Exif/Model" value="FLIR E6"/>
          <property name="Exif/Orientation" value="1"/>
          <property name="Exif/Software" value="1.22.0"/>
          <property name="File/ImageHeight" value="240"/>
          <property name="File/ImageWidth" value="320"/>
          <property name="System/FileModifyDate" value="2017:07:12 04:46:12"/>
          <property name="System/FileSize" value="76514"/>
        </meta>
      </photo>
    </camera>
    <camera camera_id="61">
      <photo path="../../../../Images/TIR/FLIR0124.jpg">
        <meta>
          <property name="Exif/DateTime" value="2017:07:12 04:46:18"/>
          <property name="Exif/DateTimeOriginal" value="2017:07:12 04:46:18"/>
          <property name="Exif/ExposureTime" value="0.0343642611683849"/>
          <property name="Exif/FocalLength" value="6.5"/>
          <property name="Exif/Make" value="FLIR Systems AB"/>
          <property name="Exif/Model" value="FLIR E6"/>
          <property name="Exif/Orientation" value="1"/>
          <property name="Exif/Software" value="1.22.0"/>
          <property name="File/ImageHeight" value="240"/>
          <property name="File/ImageWidth" value="320"/>
          <property name="System/FileModifyDate" value="2017:07:12 04:46:18"/>
          <property name="System/FileSize" value="89178"/>
        </meta>
      </photo>
    </camera>
    <camera camera_id="62">
      <photo path="../../../../Images/TIR/FLIR0126.jpg">
        <meta>
          <property name="Exif/DateTime" value="2017:07:12 04:46:24"/>
          <property name="Exif/DateTimeOriginal" value="2017:07:12 04:46:24"/>
          <property name="Exif/ExposureTime" value="0.0343642611683849"/>
          <property name="Exif/FocalLength" value="6.5"/>
          <property name="Exif/Make" value="FLIR Systems AB"/>
          <property name="Exif/Model" value="FLIR E6"/>
          <property name="Exif/Orientation" value="1"/>
          <property name="Exif/Software" value="1.22.0"/>
          <property name="File/ImageHeight" value="240"/>
          <property name="File/ImageWidth" value="320"/>
          <property name="System/FileModifyDate" value="2017:07:12 04:46:24"/>
          <property name="System/FileSize" value="75821"/>
        </meta>
      </photo>
    </camera>
    <camera camera_id="63">
      <photo path="../../../../Images/TIR/FLIR0128.jpg">
        <meta>
          <property name="Exif/DateTime" value="2017:07:12 04:46:27"/>
          <property name="Exif/DateTimeOriginal" value="2017:07:12 04:46:27"/>
          <property name="Exif/ExposureTime" value="0.0343642611683849"/>
          <property name="Exif/FocalLength" value="6.5"/>
          <property name="Exif/Make" value="FLIR Systems AB"/>
          <property name="Exif/Model" value="FLIR E6"/>
          <property name="Exif/Orientation" value="1"/>
          <property name="Exif/Software" value="1.22.0"/>
          <property name="File/ImageHeight" value="240"/>
          <property name="File/ImageWidth" value="320"/>
          <property name="System/FileModifyDate" value="2017:07:12 04:46:28"/>
          <property name="System/FileSize" value="99831"/>
        </meta>
      </photo>
    </camera>
    <camera camera_id="64">
      <photo path="../../../../Images/TIR/FLIR0130.jpg">
        <meta>
          <property name="Exif/DateTime" value="2017:07:12 04:46:31"/>
          <property name="Exif/DateTimeOriginal" value="2017:07:12 04:46:31"/>
          <property name="Exif/ExposureTime" value="0.0343642611683849"/>
          <property name="Exif/FocalLength" value="6.5"/>
          <property name="Exif/Make" value="FLIR Systems AB"/>
          <property name="Exif/Model" value="FLIR E6"/>
          <property name="Exif/Orientation" value="1"/>
          <property name="Exif/Software" value="1.22.0"/>
          <property name="File/ImageHeight" value="240"/>
          <property name="File/ImageWidth" value="320"/>
          <property name="System/FileModifyDate" value="2017:07:12 04:46:32"/>
          <property name="System/FileSize" value="101913"/>
        </meta>
      </photo>
    </camera>
    <camera camera_id="65">
      <photo path="../../../../Images/TIR/FLIR0132.jpg">
        <meta>
          <property name="Exif/DateTime" value="2017:07:12 04:46:35"/>
          <property name="Exif/DateTimeOriginal" value="2017:07:12 04:46:35"/>
          <property name="Exif/ExposureTime" value="0.0343642611683849"/>
          <property name="Exif/FocalLength" value="6.5"/>
          <property name="Exif/Make" value="FLIR Systems AB"/>
          <property name="Exif/Model" value="FLIR E6"/>
          <property name="Exif/Orientation" value="1"/>
          <property name="Exif/Software" value="1.22.0"/>
          <property name="File/ImageHeight" value="240"/>
          <property name="File/ImageWidth" value="320"/>
          <property name="System/FileModifyDate" value="2017:07:12 04:46:36"/>
          <property name="System/FileSize" value="73552"/>
        </meta>
      </photo>
    </camera>
    <camera camera_id="66">
      <photo path="../../../../Images/TIR/FLIR0134.jpg">
        <meta>
          <property name="Exif/DateTime" value="2017:07:12 04:46:40"/>
          <property name="Exif/DateTimeOriginal" value="2017:07:12 04:46:40"/>
          <property name="Exif/ExposureTime" value="0.0343642611683849"/>
          <property name="Exif/FocalLength" value="6.5"/>
          <property name="Exif/Make" value="FLIR Systems AB"/>
          <property name="Exif/Model" value="FLIR E6"/>
          <property name="Exif/Orientation" value="1"/>
          <property name="Exif/Software" value="1.22.0"/>
          <property name="File/ImageHeight" value="240"/>
          <property name="File/ImageWidth" value="320"/>
          <property name="System/FileModifyDate" value="2017:07:12 04:46:40"/>
          <property name="System/FileSize" value="103662"/>
        </meta>
      </photo>
    </camera>
    <camera camera_id="67">
      <photo path="../../../../Images/TIR/FLIR0136.jpg">
        <meta>
          <property name="Exif/DateTime" value="2017:07:12 04:46:44"/>
          <property name="Exif/DateTimeOriginal" value="2017:07:12 04:46:44"/>
          <property name="Exif/ExposureTime" value="0.0343642611683849"/>
          <property name="Exif/FocalLength" value="6.5"/>
          <property name="Exif/Make" value="FLIR Systems AB"/>
          <property name="Exif/Model" value="FLIR E6"/>
          <property name="Exif/Orientation" value="1"/>
          <property name="Exif/Software" value="1.22.0"/>
          <property name="File/ImageHeight" value="240"/>
          <property name="File/ImageWidth" value="320"/>
          <property name="System/FileModifyDate" value="2017:07:12 04:46:44"/>
          <property name="System/FileSize" value="108084"/>
        </meta>
      </photo>
    </camera>
    <camera camera_id="68">
      <photo path="../../../../Images/TIR/FLIR0138.jpg">
        <meta>
          <property name="Exif/DateTime" value="2017:07:12 04:46:48"/>
          <property name="Exif/DateTimeOriginal" value="2017:07:12 04:46:48"/>
          <property name="Exif/ExposureTime" value="0.0343642611683849"/>
          <property name="Exif/FocalLength" value="6.5"/>
          <property name="Exif/Make" value="FLIR Systems AB"/>
          <property name="Exif/Model" value="FLIR E6"/>
          <property name="Exif/Orientation" value="1"/>
          <property name="Exif/Software" value="1.22.0"/>
          <property name="File/ImageHeight" value="240"/>
          <property name="File/ImageWidth" value="320"/>
          <property name="System/FileModifyDate" value="2017:07:12 04:46:48"/>
          <property name="System/FileSize" value="73294"/>
        </meta>
      </photo>
    </camera>
    <camera camera_id="69">
      <photo path="../../../../Images/TIR/FLIR0140.jpg">
        <meta>
          <property name="Exif/DateTime" value="2017:07:12 04:46:54"/>
          <property name="Exif/DateTimeOriginal" value="2017:07:12 04:46:54"/>
          <property name="Exif/ExposureTime" value="0.0343642611683849"/>
          <property name="Exif/FocalLength" value="6.5"/>
          <property name="Exif/Make" value="FLIR Systems AB"/>
          <property name="Exif/Model" value="FLIR E6"/>
          <property name="Exif/Orientation" value="1"/>
          <property name="Exif/Software" value="1.22.0"/>
          <property name="File/ImageHeight" value="240"/>
          <property name="File/ImageWidth" value="320"/>
          <property name="System/FileModifyDate" value="2017:07:12 04:46:54"/>
          <property name="System/FileSize" value="103868"/>
        </meta>
      </photo>
    </camera>
    <camera camera_id="70">
      <photo path="../../../../Images/TIR/FLIR0142.jpg">
        <meta>
          <property name="Exif/DateTime" value="2017:07:12 04:46:58"/>
          <property name="Exif/DateTimeOriginal" value="2017:07:12 04:46:58"/>
          <property name="Exif/ExposureTime" value="0.0343642611683849"/>
          <property name="Exif/FocalLength" value="6.5"/>
          <property name="Exif/Make" value="FLIR Systems AB"/>
          <property name="Exif/Model" value="FLIR E6"/>
          <property name="Exif/Orientation" value="1"/>
          <property name="Exif/Software" value="1.22.0"/>
          <property name="File/ImageHeight" value="240"/>
          <property name="File/ImageWidth" value="320"/>
          <property name="System/FileModifyDate" value="2017:07:12 04:46:58"/>
          <property name="System/FileSize" value="76476"/>
        </meta>
      </photo>
    </camera>
    <camera camera_id="71">
      <photo path="../../../../Images/TIR/FLIR0144.jpg">
        <meta>
          <property name="Exif/DateTime" value="2017:07:12 04:47:11"/>
          <property name="Exif/DateTimeOriginal" value="2017:07:12 04:47:11"/>
          <property name="Exif/ExposureTime" value="0.0343642611683849"/>
          <property name="Exif/FocalLength" value="6.5"/>
          <property name="Exif/Make" value="FLIR Systems AB"/>
          <property name="Exif/Model" value="FLIR E6"/>
          <property name="Exif/Orientation" value="1"/>
          <property name="Exif/Software" value="1.22.0"/>
          <property name="File/ImageHeight" value="240"/>
          <property name="File/ImageWidth" value="320"/>
          <property name="System/FileModifyDate" value="2017:07:12 04:47:12"/>
          <property name="System/FileSize" value="108975"/>
        </meta>
      </photo>
    </camera>
    <camera camera_id="72">
      <photo path="../../../../Images/TIR/FLIR0146.jpg">
        <meta>
          <property name="Exif/DateTime" value="2017:07:12 04:47:15"/>
          <property name="Exif/DateTimeOriginal" value="2017:07:12 04:47:15"/>
          <property name="Exif/ExposureTime" value="0.0343642611683849"/>
          <property name="Exif/FocalLength" value="6.5"/>
          <property name="Exif/Make" value="FLIR Systems AB"/>
          <property name="Exif/Model" value="FLIR E6"/>
          <property name="Exif/Orientation" value="1"/>
          <property name="Exif/Software" value="1.22.0"/>
          <property name="File/ImageHeight" value="240"/>
          <property name="File/ImageWidth" value="320"/>
          <property name="System/FileModifyDate" value="2017:07:12 04:47:16"/>
          <property name="System/FileSize" value="79819"/>
        </meta>
      </photo>
    </camera>
    <camera camera_id="73">
      <photo path="../../../../Images/TIR/FLIR0148.jpg">
        <meta>
          <property name="Exif/DateTime" value="2017:07:12 04:47:20"/>
          <property name="Exif/DateTimeOriginal" value="2017:07:12 04:47:20"/>
          <property name="Exif/ExposureTime" value="0.0343642611683849"/>
          <property name="Exif/FocalLength" value="6.5"/>
          <property name="Exif/Make" value="FLIR Systems AB"/>
          <property name="Exif/Model" value="FLIR E6"/>
          <property name="Exif/Orientation" value="1"/>
          <property name="Exif/Software" value="1.22.0"/>
          <property name="File/ImageHeight" value="240"/>
          <property name="File/ImageWidth" value="320"/>
          <property name="System/FileModifyDate" value="2017:07:12 04:47:20"/>
          <property name="System/FileSize" value="72824"/>
        </meta>
      </photo>
    </camera>
    <camera camera_id="74">
      <photo path="../../../../Images/TIR/FLIR0150.jpg">
        <meta>
          <property name="Exif/DateTime" value="2017:07:12 04:47:25"/>
          <property name="Exif/DateTimeOriginal" value="2017:07:12 04:47:25"/>
          <property name="Exif/ExposureTime" value="0.0343642611683849"/>
          <property name="Exif/FocalLength" value="6.5"/>
          <property name="Exif/Make" value="FLIR Systems AB"/>
          <property name="Exif/Model" value="FLIR E6"/>
          <property name="Exif/Orientation" value="1"/>
          <property name="Exif/Software" value="1.22.0"/>
          <property name="File/ImageHeight" value="240"/>
          <property name="File/ImageWidth" value="320"/>
          <property name="System/FileModifyDate" value="2017:07:12 04:47:26"/>
          <property name="System/FileSize" value="109361"/>
        </meta>
      </photo>
    </camera>
    <camera camera_id="75">
      <photo path="../../../../Images/TIR/FLIR0152.jpg">
        <meta>
          <property name="Exif/DateTime" value="2017:07:12 04:47:29"/>
          <property name="Exif/DateTimeOriginal" value="2017:07:12 04:47:29"/>
          <property name="Exif/ExposureTime" value="0.0343642611683849"/>
          <property name="Exif/FocalLength" value="6.5"/>
          <property name="Exif/Make" value="FLIR Systems AB"/>
          <property name="Exif/Model" value="FLIR E6"/>
          <property name="Exif/Orientation" value="1"/>
          <property name="Exif/Software" value="1.22.0"/>
          <property name="File/ImageHeight" value="240"/>
          <property name="File/ImageWidth" value="320"/>
          <property name="System/FileModifyDate" value="2017:07:12 04:47:30"/>
          <property name="System/FileSize" value="110276"/>
        </meta>
      </photo>
    </camera>
    <camera camera_id="76">
      <photo path="../../../../Images/TIR/FLIR0154.jpg">
        <meta>
          <property name="Exif/DateTime" value="2017:07:12 04:47:33"/>
          <property name="Exif/DateTimeOriginal" value="2017:07:12 04:47:33"/>
          <property name="Exif/ExposureTime" value="0.0343642611683849"/>
          <property name="Exif/FocalLength" value="6.5"/>
          <property name="Exif/Make" value="FLIR Systems AB"/>
          <property name="Exif/Model" value="FLIR E6"/>
          <property name="Exif/Orientation" value="1"/>
          <property name="Exif/Software" value="1.22.0"/>
          <property name="File/ImageHeight" value="240"/>
          <property name="File/ImageWidth" value="320"/>
          <property name="System/FileModifyDate" value="2017:07:12 04:47:34"/>
          <property name="System/FileSize" value="111004"/>
        </meta>
      </photo>
    </camera>
    <camera camera_id="77">
      <photo path="../../../../Images/TIR/FLIR0156.jpg">
        <meta>
          <property name="Exif/DateTime" value="2017:07:12 04:47:38"/>
          <property name="Exif/DateTimeOriginal" value="2017:07:12 04:47:38"/>
          <property name="Exif/ExposureTime" value="0.0343642611683849"/>
          <property name="Exif/FocalLength" value="6.5"/>
          <property name="Exif/Make" value="FLIR Systems AB"/>
          <property name="Exif/Model" value="FLIR E6"/>
          <property name="Exif/Orientation" value="1"/>
          <property name="Exif/Software" value="1.22.0"/>
          <property name="File/ImageHeight" value="240"/>
          <property name="File/ImageWidth" value="320"/>
          <property name="System/FileModifyDate" value="2017:07:12 04:47:38"/>
          <property name="System/FileSize" value="108241"/>
        </meta>
      </photo>
    </camera>
    <camera camera_id="78">
      <photo path="../../../../Images/TIR/FLIR0158.jpg">
        <meta>
          <property name="Exif/DateTime" value="2017:07:12 04:47:42"/>
          <property name="Exif/DateTimeOriginal" value="2017:07:12 04:47:42"/>
          <property name="Exif/ExposureTime" value="0.0343642611683849"/>
          <property name="Exif/FocalLength" value="6.5"/>
          <property name="Exif/Make" value="FLIR Systems AB"/>
          <property name="Exif/Model" value="FLIR E6"/>
          <property name="Exif/Orientation" value="1"/>
          <property name="Exif/Software" value="1.22.0"/>
          <property name="File/ImageHeight" value="240"/>
          <property name="File/ImageWidth" value="320"/>
          <property name="System/FileModifyDate" value="2017:07:12 04:47:42"/>
          <property name="System/FileSize" value="107711"/>
        </meta>
      </photo>
    </camera>
    <camera camera_id="79">
      <photo path="../../../../Images/TIR/FLIR0160.jpg">
        <meta>
          <property name="Exif/DateTime" value="2017:07:12 04:47:47"/>
          <property name="Exif/DateTimeOriginal" value="2017:07:12 04:47:47"/>
          <property name="Exif/ExposureTime" value="0.0343642611683849"/>
          <property name="Exif/FocalLength" value="6.5"/>
          <property name="Exif/Make" value="FLIR Systems AB"/>
          <property name="Exif/Model" value="FLIR E6"/>
          <property name="Exif/Orientation" value="1"/>
          <property name="Exif/Software" value="1.22.0"/>
          <property name="File/ImageHeight" value="240"/>
          <property name="File/ImageWidth" value="320"/>
          <property name="System/FileModifyDate" value="2017:07:12 04:47:48"/>
          <property name="System/FileSize" value="106739"/>
        </meta>
      </photo>
    </camera>
    <camera camera_id="80">
      <photo path="../../../../Images/TIR/FLIR0162.jpg">
        <meta>
          <property name="Exif/DateTime" value="2017:07:12 04:47:52"/>
          <property name="Exif/DateTimeOriginal" value="2017:07:12 04:47:52"/>
          <property name="Exif/ExposureTime" value="0.0343642611683849"/>
          <property name="Exif/FocalLength" value="6.5"/>
          <property name="Exif/Make" value="FLIR Systems AB"/>
          <property name="Exif/Model" value="FLIR E6"/>
          <property name="Exif/Orientation" value="1"/>
          <property name="Exif/Software" value="1.22.0"/>
          <property name="File/ImageHeight" value="240"/>
          <property name="File/ImageWidth" value="320"/>
          <property name="System/FileModifyDate" value="2017:07:12 04:47:52"/>
          <property name="System/FileSize" value="67493"/>
        </meta>
      </photo>
    </camera>
    <camera camera_id="81">
      <photo path="../../../../Images/TIR/FLIR0164.jpg">
        <meta>
          <property name="Exif/DateTime" value="2017:07:12 04:47:55"/>
          <property name="Exif/DateTimeOriginal" value="2017:07:12 04:47:55"/>
          <property name="Exif/ExposureTime" value="0.0343642611683849"/>
          <property name="Exif/FocalLength" value="6.5"/>
          <property name="Exif/Make" value="FLIR Systems AB"/>
          <property name="Exif/Model" value="FLIR E6"/>
          <property name="Exif/Orientation" value="1"/>
          <property name="Exif/Software" value="1.22.0"/>
          <property name="File/ImageHeight" value="240"/>
          <property name="File/ImageWidth" value="320"/>
          <property name="System/FileModifyDate" value="2017:07:12 04:47:56"/>
          <property name="System/FileSize" value="72470"/>
        </meta>
      </photo>
    </camera>
    <camera camera_id="82">
      <photo path="../../../../Images/TIR/FLIR0166.jpg">
        <meta>
          <property name="Exif/DateTime" value="2017:07:12 04:47:59"/>
          <property name="Exif/DateTimeOriginal" value="2017:07:12 04:47:59"/>
          <property name="Exif/ExposureTime" value="0.0343642611683849"/>
          <property name="Exif/FocalLength" value="6.5"/>
          <property name="Exif/Make" value="FLIR Systems AB"/>
          <property name="Exif/Model" value="FLIR E6"/>
          <property name="Exif/Orientation" value="1"/>
          <property name="Exif/Software" value="1.22.0"/>
          <property name="File/ImageHeight" value="240"/>
          <property name="File/ImageWidth" value="320"/>
          <property name="System/FileModifyDate" value="2017:07:12 04:48:00"/>
          <property name="System/FileSize" value="75265"/>
        </meta>
      </photo>
    </camera>
    <camera camera_id="83">
      <photo path="../../../../Images/TIR/FLIR0168.jpg">
        <meta>
          <property name="Exif/DateTime" value="2017:07:12 04:48:02"/>
          <property name="Exif/DateTimeOriginal" value="2017:07:12 04:48:02"/>
          <property name="Exif/ExposureTime" value="0.0343642611683849"/>
          <property name="Exif/FocalLength" value="6.5"/>
          <property name="Exif/Make" value="FLIR Systems AB"/>
          <property name="Exif/Model" value="FLIR E6"/>
          <property name="Exif/Orientation" value="1"/>
          <property name="Exif/Software" value="1.22.0"/>
          <property name="File/ImageHeight" value="240"/>
          <property name="File/ImageWidth" value="320"/>
          <property name="System/FileModifyDate" value="2017:07:12 04:48:02"/>
          <property name="System/FileSize" value="78854"/>
        </meta>
      </photo>
    </camera>
    <camera camera_id="84">
      <photo path="../../../../Images/TIR/FLIR0170.jpg">
        <meta>
          <property name="Exif/DateTime" value="2017:07:12 04:48:06"/>
          <property name="Exif/DateTimeOriginal" value="2017:07:12 04:48:06"/>
          <property name="Exif/ExposureTime" value="0.0343642611683849"/>
          <property name="Exif/FocalLength" value="6.5"/>
          <property name="Exif/Make" value="FLIR Systems AB"/>
          <property name="Exif/Model" value="FLIR E6"/>
          <property name="Exif/Orientation" value="1"/>
          <property name="Exif/Software" value="1.22.0"/>
          <property name="File/ImageHeight" value="240"/>
          <property name="File/ImageWidth" value="320"/>
          <property name="System/FileModifyDate" value="2017:07:12 04:48:06"/>
          <property name="System/FileSize" value="76221"/>
        </meta>
      </photo>
    </camera>
    <camera camera_id="85">
      <photo path="../../../../Images/TIR/FLIR0172.jpg">
        <meta>
          <property name="Exif/DateTime" value="2017:07:12 04:48:09"/>
          <property name="Exif/DateTimeOriginal" value="2017:07:12 04:48:09"/>
          <property name="Exif/ExposureTime" value="0.0343642611683849"/>
          <property name="Exif/FocalLength" value="6.5"/>
          <property name="Exif/Make" value="FLIR Systems AB"/>
          <property name="Exif/Model" value="FLIR E6"/>
          <property name="Exif/Orientation" value="1"/>
          <property name="Exif/Software" value="1.22.0"/>
          <property name="File/ImageHeight" value="240"/>
          <property name="File/ImageWidth" value="320"/>
          <property name="System/FileModifyDate" value="2017:07:12 04:48:10"/>
          <property name="System/FileSize" value="101423"/>
        </meta>
      </photo>
    </camera>
    <camera camera_id="86">
      <photo path="../../../../Images/TIR/FLIR0174.jpg">
        <meta>
          <property name="Exif/DateTime" value="2017:07:12 04:48:12"/>
          <property name="Exif/DateTimeOriginal" value="2017:07:12 04:48:12"/>
          <property name="Exif/ExposureTime" value="0.0343642611683849"/>
          <property name="Exif/FocalLength" value="6.5"/>
          <property name="Exif/Make" value="FLIR Systems AB"/>
          <property name="Exif/Model" value="FLIR E6"/>
          <property name="Exif/Orientation" value="1"/>
          <property name="Exif/Software" value="1.22.0"/>
          <property name="File/ImageHeight" value="240"/>
          <property name="File/ImageWidth" value="320"/>
          <property name="System/FileModifyDate" value="2017:07:12 04:48:12"/>
          <property name="System/FileSize" value="104104"/>
        </meta>
      </photo>
    </camera>
    <camera camera_id="87">
      <photo path="../../../../Images/TIR/FLIR0176.jpg">
        <meta>
          <property name="Exif/DateTime" value="2017:07:12 04:48:16"/>
          <property name="Exif/DateTimeOriginal" value="2017:07:12 04:48:16"/>
          <property name="Exif/ExposureTime" value="0.0343642611683849"/>
          <property name="Exif/FocalLength" value="6.5"/>
          <property name="Exif/Make" value="FLIR Systems AB"/>
          <property name="Exif/Model" value="FLIR E6"/>
          <property name="Exif/Orientation" value="1"/>
          <property name="Exif/Software" value="1.22.0"/>
          <property name="File/ImageHeight" value="240"/>
          <property name="File/ImageWidth" value="320"/>
          <property name="System/FileModifyDate" value="2017:07:12 04:48:16"/>
          <property name="System/FileSize" value="109097"/>
        </meta>
      </photo>
    </camera>
    <camera camera_id="88">
      <photo path="../../../../Images/TIR/FLIR0178.jpg">
        <meta>
          <property name="Exif/DateTime" value="2017:07:12 04:48:22"/>
          <property name="Exif/DateTimeOriginal" value="2017:07:12 04:48:22"/>
          <property name="Exif/ExposureTime" value="0.0343642611683849"/>
          <property name="Exif/FocalLength" value="6.5"/>
          <property name="Exif/Make" value="FLIR Systems AB"/>
          <property name="Exif/Model" value="FLIR E6"/>
          <property name="Exif/Orientation" value="1"/>
          <property name="Exif/Software" value="1.22.0"/>
          <property name="File/ImageHeight" value="240"/>
          <property name="File/ImageWidth" value="320"/>
          <property name="System/FileModifyDate" value="2017:07:12 04:48:22"/>
          <property name="System/FileSize" value="110400"/>
        </meta>
      </photo>
    </camera>
    <camera camera_id="89">
      <photo path="../../../../Images/TIR/FLIR0180.jpg">
        <meta>
          <property name="Exif/DateTime" value="2017:07:12 04:48:27"/>
          <property name="Exif/DateTimeOriginal" value="2017:07:12 04:48:27"/>
          <property name="Exif/ExposureTime" value="0.0343642611683849"/>
          <property name="Exif/FocalLength" value="6.5"/>
          <property name="Exif/Make" value="FLIR Systems AB"/>
          <property name="Exif/Model" value="FLIR E6"/>
          <property name="Exif/Orientation" value="1"/>
          <property name="Exif/Software" value="1.22.0"/>
          <property name="File/ImageHeight" value="240"/>
          <property name="File/ImageWidth" value="320"/>
          <property name="System/FileModifyDate" value="2017:07:12 04:48:28"/>
          <property name="System/FileSize" value="107803"/>
        </meta>
      </photo>
    </camera>
    <camera camera_id="90">
      <photo path="../../../../Images/TIR/FLIR0182.jpg">
        <meta>
          <property name="Exif/DateTime" value="2017:07:12 04:48:31"/>
          <property name="Exif/DateTimeOriginal" value="2017:07:12 04:48:31"/>
          <property name="Exif/ExposureTime" value="0.0343642611683849"/>
          <property name="Exif/FocalLength" value="6.5"/>
          <property name="Exif/Make" value="FLIR Systems AB"/>
          <property name="Exif/Model" value="FLIR E6"/>
          <property name="Exif/Orientation" value="1"/>
          <property name="Exif/Software" value="1.22.0"/>
          <property name="File/ImageHeight" value="240"/>
          <property name="File/ImageWidth" value="320"/>
          <property name="System/FileModifyDate" value="2017:07:12 04:48:32"/>
          <property name="System/FileSize" value="109355"/>
        </meta>
      </photo>
    </camera>
    <camera camera_id="91">
      <photo path="../../../../Images/TIR/FLIR0184.jpg">
        <meta>
          <property name="Exif/DateTime" value="2017:07:12 04:48:39"/>
          <property name="Exif/DateTimeOriginal" value="2017:07:12 04:48:39"/>
          <property name="Exif/ExposureTime" value="0.0343642611683849"/>
          <property name="Exif/FocalLength" value="6.5"/>
          <property name="Exif/Make" value="FLIR Systems AB"/>
          <property name="Exif/Model" value="FLIR E6"/>
          <property name="Exif/Orientation" value="1"/>
          <property name="Exif/Software" value="1.22.0"/>
          <property name="File/ImageHeight" value="240"/>
          <property name="File/ImageWidth" value="320"/>
          <property name="System/FileModifyDate" value="2017:07:12 04:48:40"/>
          <property name="System/FileSize" value="101499"/>
        </meta>
      </photo>
    </camera>
    <camera camera_id="92">
      <photo path="../../../../Images/TIR/FLIR0186.jpg">
        <meta>
          <property name="Exif/DateTime" value="2017:07:12 04:48:45"/>
          <property name="Exif/DateTimeOriginal" value="2017:07:12 04:48:45"/>
          <property name="Exif/ExposureTime" value="0.0343642611683849"/>
          <property name="Exif/FocalLength" value="6.5"/>
          <property name="Exif/Make" value="FLIR Systems AB"/>
          <property name="Exif/Model" value="FLIR E6"/>
          <property name="Exif/Orientation" value="1"/>
          <property name="Exif/Software" value="1.22.0"/>
          <property name="File/ImageHeight" value="240"/>
          <property name="File/ImageWidth" value="320"/>
          <property name="System/FileModifyDate" value="2017:07:12 04:48:46"/>
          <property name="System/FileSize" value="95847"/>
        </meta>
      </photo>
    </camera>
    <camera camera_id="93">
      <photo path="../../../../Images/TIR/FLIR0188.jpg">
        <meta>
          <property name="Exif/DateTime" value="2017:07:12 04:48:52"/>
          <property name="Exif/DateTimeOriginal" value="2017:07:12 04:48:52"/>
          <property name="Exif/ExposureTime" value="0.0343642611683849"/>
          <property name="Exif/FocalLength" value="6.5"/>
          <property name="Exif/Make" value="FLIR Systems AB"/>
          <property name="Exif/Model" value="FLIR E6"/>
          <property name="Exif/Orientation" value="1"/>
          <property name="Exif/Software" value="1.22.0"/>
          <property name="File/ImageHeight" value="240"/>
          <property name="File/ImageWidth" value="320"/>
          <property name="System/FileModifyDate" value="2017:07:12 04:48:52"/>
          <property name="System/FileSize" value="88863"/>
        </meta>
      </photo>
    </camera>
    <camera camera_id="94">
      <photo path="../../../../Images/TIR/FLIR0190.jpg">
        <meta>
          <property name="Exif/DateTime" value="2017:07:12 04:48:58"/>
          <property name="Exif/DateTimeOriginal" value="2017:07:12 04:48:58"/>
          <property name="Exif/ExposureTime" value="0.0343642611683849"/>
          <property name="Exif/FocalLength" value="6.5"/>
          <property name="Exif/Make" value="FLIR Systems AB"/>
          <property name="Exif/Model" value="FLIR E6"/>
          <property name="Exif/Orientation" value="1"/>
          <property name="Exif/Software" value="1.22.0"/>
          <property name="File/ImageHeight" value="240"/>
          <property name="File/ImageWidth" value="320"/>
          <property name="System/FileModifyDate" value="2017:07:12 04:48:58"/>
          <property name="System/FileSize" value="84058"/>
        </meta>
      </photo>
    </camera>
    <camera camera_id="95">
      <photo path="../../../../Images/TIR/FLIR0192.jpg">
        <meta>
          <property name="Exif/DateTime" value="2017:07:12 04:52:12"/>
          <property name="Exif/DateTimeOriginal" value="2017:07:12 04:52:12"/>
          <property name="Exif/ExposureTime" value="0.0343642611683849"/>
          <property name="Exif/FocalLength" value="6.5"/>
          <property name="Exif/Make" value="FLIR Systems AB"/>
          <property name="Exif/Model" value="FLIR E6"/>
          <property name="Exif/Orientation" value="1"/>
          <property name="Exif/Software" value="1.22.0"/>
          <property name="File/ImageHeight" value="240"/>
          <property name="File/ImageWidth" value="320"/>
          <property name="System/FileModifyDate" value="2017:07:12 04:52:12"/>
          <property name="System/FileSize" value="94387"/>
        </meta>
      </photo>
    </camera>
    <camera camera_id="96">
      <photo path="../../../../Images/TIR/FLIR0194.jpg">
        <meta>
          <property name="Exif/DateTime" value="2017:07:12 04:53:07"/>
          <property name="Exif/DateTimeOriginal" value="2017:07:12 04:53:07"/>
          <property name="Exif/ExposureTime" value="0.0343642611683849"/>
          <property name="Exif/FocalLength" value="6.5"/>
          <property name="Exif/Make" value="FLIR Systems AB"/>
          <property name="Exif/Model" value="FLIR E6"/>
          <property name="Exif/Orientation" value="1"/>
          <property name="Exif/Software" value="1.22.0"/>
          <property name="File/ImageHeight" value="240"/>
          <property name="File/ImageWidth" value="320"/>
          <property name="System/FileModifyDate" value="2017:07:12 04:53:08"/>
          <property name="System/FileSize" value="116584"/>
        </meta>
      </photo>
    </camera>
    <camera camera_id="97">
      <photo path="../../../../Images/TIR/FLIR0196.jpg">
        <meta>
          <property name="Exif/DateTime" value="2017:07:12 04:54:03"/>
          <property name="Exif/DateTimeOriginal" value="2017:07:12 04:54:03"/>
          <property name="Exif/ExposureTime" value="0.0343642611683849"/>
          <property name="Exif/FocalLength" value="6.5"/>
          <property name="Exif/Make" value="FLIR Systems AB"/>
          <property name="Exif/Model" value="FLIR E6"/>
          <property name="Exif/Orientation" value="1"/>
          <property name="Exif/Software" value="1.22.0"/>
          <property name="File/ImageHeight" value="240"/>
          <property name="File/ImageWidth" value="320"/>
          <property name="System/FileModifyDate" value="2017:07:12 04:54:04"/>
          <property name="System/FileSize" value="113011"/>
        </meta>
      </photo>
    </camera>
  </cameras>
  <masks path="masks/masks.zip"/>
  <thumbnails path="thumbnails/thumbnails.zip"/>
  <point_cloud path="point_cloud/point_cloud.zip"/>
  <dense_cloud path="dense_cloud/dense_cloud.zip"/>
</frame>
