<?xml version="1.0" encoding="UTF-8"?>
<frame>
  <cameras>
    <camera camera_id="0">
      <photo path="../../../../Images/RGB/FLIR0002.jpg">
        <meta>
          <property name="Exif/DateTime" value="2017:07:12 04:38:45"/>
          <property name="Exif/DateTimeOriginal" value="2017:07:12 04:38:45"/>
          <property name="Exif/Make" value="FLIR Systems AB"/>
          <property name="Exif/Model" value="FLIR E6"/>
          <property name="Exif/Orientation" value="1"/>
          <property name="Exif/Software" value="1.22.0"/>
          <property name="File/ImageHeight" value="480"/>
          <property name="File/ImageWidth" value="640"/>
          <property name="System/FileModifyDate" value="2017:07:12 04:38:46"/>
          <property name="System/FileSize" value="53587"/>
        </meta>
      </photo>
    </camera>
    <camera camera_id="1">
      <photo path="../../../../Images/RGB/FLIR0004.jpg">
        <meta>
          <property name="Exif/DateTime" value="2017:07:12 04:38:52"/>
          <property name="Exif/DateTimeOriginal" value="2017:07:12 04:38:52"/>
          <property name="Exif/Make" value="FLIR Systems AB"/>
          <property name="Exif/Model" value="FLIR E6"/>
          <property name="Exif/Orientation" value="1"/>
          <property name="Exif/Software" value="1.22.0"/>
          <property name="File/ImageHeight" value="480"/>
          <property name="File/ImageWidth" value="640"/>
          <property name="System/FileModifyDate" value="2017:07:12 04:38:52"/>
          <property name="System/FileSize" value="61305"/>
        </meta>
      </photo>
    </camera>
    <camera camera_id="2">
      <photo path="../../../../Images/RGB/FLIR0006.jpg">
        <meta>
          <property name="Exif/DateTime" value="2017:07:12 04:38:59"/>
          <property name="Exif/DateTimeOriginal" value="2017:07:12 04:38:59"/>
          <property name="Exif/Make" value="FLIR Systems AB"/>
          <property name="Exif/Model" value="FLIR E6"/>
          <property name="Exif/Orientation" value="1"/>
          <property name="Exif/Software" value="1.22.0"/>
          <property name="File/ImageHeight" value="480"/>
          <property name="File/ImageWidth" value="640"/>
          <property name="System/FileModifyDate" value="2017:07:12 04:39:00"/>
          <property name="System/FileSize" value="62164"/>
        </meta>
      </photo>
    </camera>
    <camera camera_id="3">
      <photo path="../../../../Images/RGB/FLIR0008.jpg">
        <meta>
          <property name="Exif/DateTime" value="2017:07:12 04:39:06"/>
          <property name="Exif/DateTimeOriginal" value="2017:07:12 04:39:06"/>
          <property name="Exif/Make" value="FLIR Systems AB"/>
          <property name="Exif/Model" value="FLIR E6"/>
          <property name="Exif/Orientation" value="1"/>
          <property name="Exif/Software" value="1.22.0"/>
          <property name="File/ImageHeight" value="480"/>
          <property name="File/ImageWidth" value="640"/>
          <property name="System/FileModifyDate" value="2017:07:12 04:39:06"/>
          <property name="System/FileSize" value="59477"/>
        </meta>
      </photo>
    </camera>
    <camera camera_id="4">
      <photo path="../../../../Images/RGB/FLIR0010.jpg">
        <meta>
          <property name="Exif/DateTime" value="2017:07:12 04:39:12"/>
          <property name="Exif/DateTimeOriginal" value="2017:07:12 04:39:12"/>
          <property name="Exif/Make" value="FLIR Systems AB"/>
          <property name="Exif/Model" value="FLIR E6"/>
          <property name="Exif/Orientation" value="1"/>
          <property name="Exif/Software" value="1.22.0"/>
          <property name="File/ImageHeight" value="480"/>
          <property name="File/ImageWidth" value="640"/>
          <property name="System/FileModifyDate" value="2017:07:12 04:39:12"/>
          <property name="System/FileSize" value="66190"/>
        </meta>
      </photo>
    </camera>
    <camera camera_id="5">
      <photo path="../../../../Images/RGB/FLIR0012.jpg">
        <meta>
          <property name="Exif/DateTime" value="2017:07:12 04:39:20"/>
          <property name="Exif/DateTimeOriginal" value="2017:07:12 04:39:20"/>
          <property name="Exif/Make" value="FLIR Systems AB"/>
          <property name="Exif/Model" value="FLIR E6"/>
          <property name="Exif/Orientation" value="1"/>
          <property name="Exif/Software" value="1.22.0"/>
          <property name="File/ImageHeight" value="480"/>
          <property name="File/ImageWidth" value="640"/>
          <property name="System/FileModifyDate" value="2017:07:12 04:39:20"/>
          <property name="System/FileSize" value="73692"/>
        </meta>
      </photo>
    </camera>
    <camera camera_id="6">
      <photo path="../../../../Images/RGB/FLIR0014.jpg">
        <meta>
          <property name="Exif/DateTime" value="2017:07:12 04:39:25"/>
          <property name="Exif/DateTimeOriginal" value="2017:07:12 04:39:25"/>
          <property name="Exif/Make" value="FLIR Systems AB"/>
          <property name="Exif/Model" value="FLIR E6"/>
          <property name="Exif/Orientation" value="1"/>
          <property name="Exif/Software" value="1.22.0"/>
          <property name="File/ImageHeight" value="480"/>
          <property name="File/ImageWidth" value="640"/>
          <property name="System/FileModifyDate" value="2017:07:12 04:39:26"/>
          <property name="System/FileSize" value="57153"/>
        </meta>
      </photo>
    </camera>
    <camera camera_id="7">
      <photo path="../../../../Images/RGB/FLIR0016.jpg">
        <meta>
          <property name="Exif/DateTime" value="2017:07:12 04:39:30"/>
          <property name="Exif/DateTimeOriginal" value="2017:07:12 04:39:30"/>
          <property name="Exif/Make" value="FLIR Systems AB"/>
          <property name="Exif/Model" value="FLIR E6"/>
          <property name="Exif/Orientation" value="1"/>
          <property name="Exif/Software" value="1.22.0"/>
          <property name="File/ImageHeight" value="480"/>
          <property name="File/ImageWidth" value="640"/>
          <property name="System/FileModifyDate" value="2017:07:12 04:39:30"/>
          <property name="System/FileSize" value="73799"/>
        </meta>
      </photo>
    </camera>
    <camera camera_id="8">
      <photo path="../../../../Images/RGB/FLIR0018.jpg">
        <meta>
          <property name="Exif/DateTime" value="2017:07:12 04:39:35"/>
          <property name="Exif/DateTimeOriginal" value="2017:07:12 04:39:35"/>
          <property name="Exif/Make" value="FLIR Systems AB"/>
          <property name="Exif/Model" value="FLIR E6"/>
          <property name="Exif/Orientation" value="1"/>
          <property name="Exif/Software" value="1.22.0"/>
          <property name="File/ImageHeight" value="480"/>
          <property name="File/ImageWidth" value="640"/>
          <property name="System/FileModifyDate" value="2017:07:12 04:39:36"/>
          <property name="System/FileSize" value="71763"/>
        </meta>
      </photo>
    </camera>
    <camera camera_id="9">
      <photo path="../../../../Images/RGB/FLIR0020.jpg">
        <meta>
          <property name="Exif/DateTime" value="2017:07:12 04:39:40"/>
          <property name="Exif/DateTimeOriginal" value="2017:07:12 04:39:40"/>
          <property name="Exif/Make" value="FLIR Systems AB"/>
          <property name="Exif/Model" value="FLIR E6"/>
          <property name="Exif/Orientation" value="1"/>
          <property name="Exif/Software" value="1.22.0"/>
          <property name="File/ImageHeight" value="480"/>
          <property name="File/ImageWidth" value="640"/>
          <property name="System/FileModifyDate" value="2017:07:12 04:39:40"/>
          <property name="System/FileSize" value="75318"/>
        </meta>
      </photo>
    </camera>
    <camera camera_id="10">
      <photo path="../../../../Images/RGB/FLIR0022.jpg">
        <meta>
          <property name="Exif/DateTime" value="2017:07:12 04:39:45"/>
          <property name="Exif/DateTimeOriginal" value="2017:07:12 04:39:45"/>
          <property name="Exif/Make" value="FLIR Systems AB"/>
          <property name="Exif/Model" value="FLIR E6"/>
          <property name="Exif/Orientation" value="1"/>
          <property name="Exif/Software" value="1.22.0"/>
          <property name="File/ImageHeight" value="480"/>
          <property name="File/ImageWidth" value="640"/>
          <property name="System/FileModifyDate" value="2017:07:12 04:39:46"/>
          <property name="System/FileSize" value="74526"/>
        </meta>
      </photo>
    </camera>
    <camera camera_id="11">
      <photo path="../../../../Images/RGB/FLIR0024.jpg">
        <meta>
          <property name="Exif/DateTime" value="2017:07:12 04:39:49"/>
          <property name="Exif/DateTimeOriginal" value="2017:07:12 04:39:49"/>
          <property name="Exif/Make" value="FLIR Systems AB"/>
          <property name="Exif/Model" value="FLIR E6"/>
          <property name="Exif/Orientation" value="1"/>
          <property name="Exif/Software" value="1.22.0"/>
          <property name="File/ImageHeight" value="480"/>
          <property name="File/ImageWidth" value="640"/>
          <property name="System/FileModifyDate" value="2017:07:12 04:39:50"/>
          <property name="System/FileSize" value="74900"/>
        </meta>
      </photo>
    </camera>
    <camera camera_id="12">
      <photo path="../../../../Images/RGB/FLIR0026.jpg">
        <meta>
          <property name="Exif/DateTime" value="2017:07:12 04:39:54"/>
          <property name="Exif/DateTimeOriginal" value="2017:07:12 04:39:54"/>
          <property name="Exif/Make" value="FLIR Systems AB"/>
          <property name="Exif/Model" value="FLIR E6"/>
          <property name="Exif/Orientation" value="1"/>
          <property name="Exif/Software" value="1.22.0"/>
          <property name="File/ImageHeight" value="480"/>
          <property name="File/ImageWidth" value="640"/>
          <property name="System/FileModifyDate" value="2017:07:12 04:39:56"/>
          <property name="System/FileSize" value="81251"/>
        </meta>
      </photo>
    </camera>
    <camera camera_id="13">
      <photo path="../../../../Images/RGB/FLIR0028.jpg">
        <meta>
          <property name="Exif/DateTime" value="2017:07:12 04:40:00"/>
          <property name="Exif/DateTimeOriginal" value="2017:07:12 04:40:00"/>
          <property name="Exif/Make" value="FLIR Systems AB"/>
          <property name="Exif/Model" value="FLIR E6"/>
          <property name="Exif/Orientation" value="1"/>
          <property name="Exif/Software" value="1.22.0"/>
          <property name="File/ImageHeight" value="480"/>
          <property name="File/ImageWidth" value="640"/>
          <property name="System/FileModifyDate" value="2017:07:12 04:40:00"/>
          <property name="System/FileSize" value="60660"/>
        </meta>
      </photo>
    </camera>
    <camera camera_id="14">
      <photo path="../../../../Images/RGB/FLIR0030.jpg">
        <meta>
          <property name="Exif/DateTime" value="2017:07:12 04:40:06"/>
          <property name="Exif/DateTimeOriginal" value="2017:07:12 04:40:06"/>
          <property name="Exif/Make" value="FLIR Systems AB"/>
          <property name="Exif/Model" value="FLIR E6"/>
          <property name="Exif/Orientation" value="1"/>
          <property name="Exif/Software" value="1.22.0"/>
          <property name="File/ImageHeight" value="480"/>
          <property name="File/ImageWidth" value="640"/>
          <property name="System/FileModifyDate" value="2017:07:12 04:40:06"/>
          <property name="System/FileSize" value="54015"/>
        </meta>
      </photo>
    </camera>
    <camera camera_id="15">
      <photo path="../../../../Images/RGB/FLIR0032.jpg">
        <meta>
          <property name="Exif/DateTime" value="2017:07:12 04:40:11"/>
          <property name="Exif/DateTimeOriginal" value="2017:07:12 04:40:11"/>
          <property name="Exif/Make" value="FLIR Systems AB"/>
          <property name="Exif/Model" value="FLIR E6"/>
          <property name="Exif/Orientation" value="1"/>
          <property name="Exif/Software" value="1.22.0"/>
          <property name="File/ImageHeight" value="480"/>
          <property name="File/ImageWidth" value="640"/>
          <property name="System/FileModifyDate" value="2017:07:12 04:40:12"/>
          <property name="System/FileSize" value="51634"/>
        </meta>
      </photo>
    </camera>
    <camera camera_id="16">
      <photo path="../../../../Images/RGB/FLIR0034.jpg">
        <meta>
          <property name="Exif/DateTime" value="2017:07:12 04:40:16"/>
          <property name="Exif/DateTimeOriginal" value="2017:07:12 04:40:16"/>
          <property name="Exif/Make" value="FLIR Systems AB"/>
          <property name="Exif/Model" value="FLIR E6"/>
          <property name="Exif/Orientation" value="1"/>
          <property name="Exif/Software" value="1.22.0"/>
          <property name="File/ImageHeight" value="480"/>
          <property name="File/ImageWidth" value="640"/>
          <property name="System/FileModifyDate" value="2017:07:12 04:40:18"/>
          <property name="System/FileSize" value="72061"/>
        </meta>
      </photo>
    </camera>
    <camera camera_id="17">
      <photo path="../../../../Images/RGB/FLIR0036.jpg">
        <meta>
          <property name="Exif/DateTime" value="2017:07:12 04:40:23"/>
          <property name="Exif/DateTimeOriginal" value="2017:07:12 04:40:23"/>
          <property name="Exif/Make" value="FLIR Systems AB"/>
          <property name="Exif/Model" value="FLIR E6"/>
          <property name="Exif/Orientation" value="1"/>
          <property name="Exif/Software" value="1.22.0"/>
          <property name="File/ImageHeight" value="480"/>
          <property name="File/ImageWidth" value="640"/>
          <property name="System/FileModifyDate" value="2017:07:12 04:40:24"/>
          <property name="System/FileSize" value="46200"/>
        </meta>
      </photo>
    </camera>
    <camera camera_id="18">
      <photo path="../../../../Images/RGB/FLIR0038.jpg">
        <meta>
          <property name="Exif/DateTime" value="2017:07:12 04:40:27"/>
          <property name="Exif/DateTimeOriginal" value="2017:07:12 04:40:27"/>
          <property name="Exif/Make" value="FLIR Systems AB"/>
          <property name="Exif/Model" value="FLIR E6"/>
          <property name="Exif/Orientation" value="1"/>
          <property name="Exif/Software" value="1.22.0"/>
          <property name="File/ImageHeight" value="480"/>
          <property name="File/ImageWidth" value="640"/>
          <property name="System/FileModifyDate" value="2017:07:12 04:40:28"/>
          <property name="System/FileSize" value="34283"/>
        </meta>
      </photo>
    </camera>
    <camera camera_id="19">
      <photo path="../../../../Images/RGB/FLIR0040.jpg">
        <meta>
          <property name="Exif/DateTime" value="2017:07:12 04:40:32"/>
          <property name="Exif/DateTimeOriginal" value="2017:07:12 04:40:32"/>
          <property name="Exif/Make" value="FLIR Systems AB"/>
          <property name="Exif/Model" value="FLIR E6"/>
          <property name="Exif/Orientation" value="1"/>
          <property name="Exif/Software" value="1.22.0"/>
          <property name="File/ImageHeight" value="480"/>
          <property name="File/ImageWidth" value="640"/>
          <property name="System/FileModifyDate" value="2017:07:12 04:40:32"/>
          <property name="System/FileSize" value="29791"/>
        </meta>
      </photo>
    </camera>
    <camera camera_id="20">
      <photo path="../../../../Images/RGB/FLIR0042.jpg">
        <meta>
          <property name="Exif/DateTime" value="2017:07:12 04:40:43"/>
          <property name="Exif/DateTimeOriginal" value="2017:07:12 04:40:43"/>
          <property name="Exif/Make" value="FLIR Systems AB"/>
          <property name="Exif/Model" value="FLIR E6"/>
          <property name="Exif/Orientation" value="1"/>
          <property name="Exif/Software" value="1.22.0"/>
          <property name="File/ImageHeight" value="480"/>
          <property name="File/ImageWidth" value="640"/>
          <property name="System/FileModifyDate" value="2017:07:12 04:40:44"/>
          <property name="System/FileSize" value="29704"/>
        </meta>
      </photo>
    </camera>
    <camera camera_id="21">
      <photo path="../../../../Images/RGB/FLIR0044.jpg">
        <meta>
          <property name="Exif/DateTime" value="2017:07:12 04:40:48"/>
          <property name="Exif/DateTimeOriginal" value="2017:07:12 04:40:48"/>
          <property name="Exif/Make" value="FLIR Systems AB"/>
          <property name="Exif/Model" value="FLIR E6"/>
          <property name="Exif/Orientation" value="1"/>
          <property name="Exif/Software" value="1.22.0"/>
          <property name="File/ImageHeight" value="480"/>
          <property name="File/ImageWidth" value="640"/>
          <property name="System/FileModifyDate" value="2017:07:12 04:40:48"/>
          <property name="System/FileSize" value="46443"/>
        </meta>
      </photo>
    </camera>
    <camera camera_id="22">
      <photo path="../../../../Images/RGB/FLIR0046.jpg">
        <meta>
          <property name="Exif/DateTime" value="2017:07:12 04:40:53"/>
          <property name="Exif/DateTimeOriginal" value="2017:07:12 04:40:53"/>
          <property name="Exif/Make" value="FLIR Systems AB"/>
          <property name="Exif/Model" value="FLIR E6"/>
          <property name="Exif/Orientation" value="1"/>
          <property name="Exif/Software" value="1.22.0"/>
          <property name="File/ImageHeight" value="480"/>
          <property name="File/ImageWidth" value="640"/>
          <property name="System/FileModifyDate" value="2017:07:12 04:40:54"/>
          <property name="System/FileSize" value="55433"/>
        </meta>
      </photo>
    </camera>
    <camera camera_id="23">
      <photo path="../../../../Images/RGB/FLIR0048.jpg">
        <meta>
          <property name="Exif/DateTime" value="2017:07:12 04:40:57"/>
          <property name="Exif/DateTimeOriginal" value="2017:07:12 04:40:57"/>
          <property name="Exif/Make" value="FLIR Systems AB"/>
          <property name="Exif/Model" value="FLIR E6"/>
          <property name="Exif/Orientation" value="1"/>
          <property name="Exif/Software" value="1.22.0"/>
          <property name="File/ImageHeight" value="480"/>
          <property name="File/ImageWidth" value="640"/>
          <property name="System/FileModifyDate" value="2017:07:12 04:40:58"/>
          <property name="System/FileSize" value="51292"/>
        </meta>
      </photo>
    </camera>
    <camera camera_id="24">
      <photo path="../../../../Images/RGB/FLIR0050.jpg">
        <meta>
          <property name="Exif/DateTime" value="2017:07:12 04:41:03"/>
          <property name="Exif/DateTimeOriginal" value="2017:07:12 04:41:03"/>
          <property name="Exif/Make" value="FLIR Systems AB"/>
          <property name="Exif/Model" value="FLIR E6"/>
          <property name="Exif/Orientation" value="1"/>
          <property name="Exif/Software" value="1.22.0"/>
          <property name="File/ImageHeight" value="480"/>
          <property name="File/ImageWidth" value="640"/>
          <property name="System/FileModifyDate" value="2017:07:12 04:41:04"/>
          <property name="System/FileSize" value="66334"/>
        </meta>
      </photo>
    </camera>
    <camera camera_id="25">
      <photo path="../../../../Images/RGB/FLIR0052.jpg">
        <meta>
          <property name="Exif/DateTime" value="2017:07:12 04:41:11"/>
          <property name="Exif/DateTimeOriginal" value="2017:07:12 04:41:11"/>
          <property name="Exif/Make" value="FLIR Systems AB"/>
          <property name="Exif/Model" value="FLIR E6"/>
          <property name="Exif/Orientation" value="1"/>
          <property name="Exif/Software" value="1.22.0"/>
          <property name="File/ImageHeight" value="480"/>
          <property name="File/ImageWidth" value="640"/>
          <property name="System/FileModifyDate" value="2017:07:12 04:41:12"/>
          <property name="System/FileSize" value="50846"/>
        </meta>
      </photo>
    </camera>
    <camera camera_id="26">
      <photo path="../../../../Images/RGB/FLIR0054.jpg">
        <meta>
          <property name="Exif/DateTime" value="2017:07:12 04:41:18"/>
          <property name="Exif/DateTimeOriginal" value="2017:07:12 04:41:18"/>
          <property name="Exif/Make" value="FLIR Systems AB"/>
          <property name="Exif/Model" value="FLIR E6"/>
          <property name="Exif/Orientation" value="1"/>
          <property name="Exif/Software" value="1.22.0"/>
          <property name="File/ImageHeight" value="480"/>
          <property name="File/ImageWidth" value="640"/>
          <property name="System/FileModifyDate" value="2017:07:12 04:41:18"/>
          <property name="System/FileSize" value="42939"/>
        </meta>
      </photo>
    </camera>
    <camera camera_id="27">
      <photo path="../../../../Images/RGB/FLIR0056.jpg">
        <meta>
          <property name="Exif/DateTime" value="2017:07:12 04:41:25"/>
          <property name="Exif/DateTimeOriginal" value="2017:07:12 04:41:25"/>
          <property name="Exif/Make" value="FLIR Systems AB"/>
          <property name="Exif/Model" value="FLIR E6"/>
          <property name="Exif/Orientation" value="1"/>
          <property name="Exif/Software" value="1.22.0"/>
          <property name="File/ImageHeight" value="480"/>
          <property name="File/ImageWidth" value="640"/>
          <property name="System/FileModifyDate" value="2017:07:12 04:41:26"/>
          <property name="System/FileSize" value="45766"/>
        </meta>
      </photo>
    </camera>
    <camera camera_id="28">
      <photo path="../../../../Images/RGB/FLIR0058.jpg">
        <meta>
          <property name="Exif/DateTime" value="2017:07:12 04:43:12"/>
          <property name="Exif/DateTimeOriginal" value="2017:07:12 04:43:12"/>
          <property name="Exif/Make" value="FLIR Systems AB"/>
          <property name="Exif/Model" value="FLIR E6"/>
          <property name="Exif/Orientation" value="1"/>
          <property name="Exif/Software" value="1.22.0"/>
          <property name="File/ImageHeight" value="480"/>
          <property name="File/ImageWidth" value="640"/>
          <property name="System/FileModifyDate" value="2017:07:12 04:43:14"/>
          <property name="System/FileSize" value="41075"/>
        </meta>
      </photo>
    </camera>
    <camera camera_id="29">
      <photo path="../../../../Images/RGB/FLIR0060.jpg">
        <meta>
          <property name="Exif/DateTime" value="2017:07:12 04:43:17"/>
          <property name="Exif/DateTimeOriginal" value="2017:07:12 04:43:17"/>
          <property name="Exif/Make" value="FLIR Systems AB"/>
          <property name="Exif/Model" value="FLIR E6"/>
          <property name="Exif/Orientation" value="1"/>
          <property name="Exif/Software" value="1.22.0"/>
          <property name="File/ImageHeight" value="480"/>
          <property name="File/ImageWidth" value="640"/>
          <property name="System/FileModifyDate" value="2017:07:12 04:43:18"/>
          <property name="System/FileSize" value="80173"/>
        </meta>
      </photo>
    </camera>
    <camera camera_id="30">
      <photo path="../../../../Images/RGB/FLIR0062.jpg">
        <meta>
          <property name="Exif/DateTime" value="2017:07:12 04:43:21"/>
          <property name="Exif/DateTimeOriginal" value="2017:07:12 04:43:21"/>
          <property name="Exif/Make" value="FLIR Systems AB"/>
          <property name="Exif/Model" value="FLIR E6"/>
          <property name="Exif/Orientation" value="1"/>
          <property name="Exif/Software" value="1.22.0"/>
          <property name="File/ImageHeight" value="480"/>
          <property name="File/ImageWidth" value="640"/>
          <property name="System/FileModifyDate" value="2017:07:12 04:43:22"/>
          <property name="System/FileSize" value="78099"/>
        </meta>
      </photo>
    </camera>
    <camera camera_id="31">
      <photo path="../../../../Images/RGB/FLIR0064.jpg">
        <meta>
          <property name="Exif/DateTime" value="2017:07:12 04:43:25"/>
          <property name="Exif/DateTimeOriginal" value="2017:07:12 04:43:25"/>
          <property name="Exif/Make" value="FLIR Systems AB"/>
          <property name="Exif/Model" value="FLIR E6"/>
          <property name="Exif/Orientation" value="1"/>
          <property name="Exif/Software" value="1.22.0"/>
          <property name="File/ImageHeight" value="480"/>
          <property name="File/ImageWidth" value="640"/>
          <property name="System/FileModifyDate" value="2017:07:12 04:43:26"/>
          <property name="System/FileSize" value="47613"/>
        </meta>
      </photo>
    </camera>
    <camera camera_id="32">
      <photo path="../../../../Images/RGB/FLIR0066.jpg">
        <meta>
          <property name="Exif/DateTime" value="2017:07:12 04:43:28"/>
          <property name="Exif/DateTimeOriginal" value="2017:07:12 04:43:28"/>
          <property name="Exif/Make" value="FLIR Systems AB"/>
          <property name="Exif/Model" value="FLIR E6"/>
          <property name="Exif/Orientation" value="1"/>
          <property name="Exif/Software" value="1.22.0"/>
          <property name="File/ImageHeight" value="480"/>
          <property name="File/ImageWidth" value="640"/>
          <property name="System/FileModifyDate" value="2017:07:12 04:43:28"/>
          <property name="System/FileSize" value="30080"/>
        </meta>
      </photo>
    </camera>
    <camera camera_id="33">
      <photo path="../../../../Images/RGB/FLIR0068.jpg">
        <meta>
          <property name="Exif/DateTime" value="2017:07:12 04:43:32"/>
          <property name="Exif/DateTimeOriginal" value="2017:07:12 04:43:32"/>
          <property name="Exif/Make" value="FLIR Systems AB"/>
          <property name="Exif/Model" value="FLIR E6"/>
          <property name="Exif/Orientation" value="1"/>
          <property name="Exif/Software" value="1.22.0"/>
          <property name="File/ImageHeight" value="480"/>
          <property name="File/ImageWidth" value="640"/>
          <property name="System/FileModifyDate" value="2017:07:12 04:43:32"/>
          <property name="System/FileSize" value="92391"/>
        </meta>
      </photo>
    </camera>
    <camera camera_id="34">
      <photo path="../../../../Images/RGB/FLIR0070.jpg">
        <meta>
          <property name="Exif/DateTime" value="2017:07:12 04:43:36"/>
          <property name="Exif/DateTimeOriginal" value="2017:07:12 04:43:36"/>
          <property name="Exif/Make" value="FLIR Systems AB"/>
          <property name="Exif/Model" value="FLIR E6"/>
          <property name="Exif/Orientation" value="1"/>
          <property name="Exif/Software" value="1.22.0"/>
          <property name="File/ImageHeight" value="480"/>
          <property name="File/ImageWidth" value="640"/>
          <property name="System/FileModifyDate" value="2017:07:12 04:43:38"/>
          <property name="System/FileSize" value="92109"/>
        </meta>
      </photo>
    </camera>
    <camera camera_id="35">
      <photo path="../../../../Images/RGB/FLIR0072.jpg">
        <meta>
          <property name="Exif/DateTime" value="2017:07:12 04:43:41"/>
          <property name="Exif/DateTimeOriginal" value="2017:07:12 04:43:41"/>
          <property name="Exif/Make" value="FLIR Systems AB"/>
          <property name="Exif/Model" value="FLIR E6"/>
          <property name="Exif/Orientation" value="1"/>
          <property name="Exif/Software" value="1.22.0"/>
          <property name="File/ImageHeight" value="480"/>
          <property name="File/ImageWidth" value="640"/>
          <property name="System/FileModifyDate" value="2017:07:12 04:43:42"/>
          <property name="System/FileSize" value="81855"/>
        </meta>
      </photo>
    </camera>
    <camera camera_id="36">
      <photo path="../../../../Images/RGB/FLIR0074.jpg">
        <meta>
          <property name="Exif/DateTime" value="2017:07:12 04:43:46"/>
          <property name="Exif/DateTimeOriginal" value="2017:07:12 04:43:46"/>
          <property name="Exif/Make" value="FLIR Systems AB"/>
          <property name="Exif/Model" value="FLIR E6"/>
          <property name="Exif/Orientation" value="1"/>
          <property name="Exif/Software" value="1.22.0"/>
          <property name="File/ImageHeight" value="480"/>
          <property name="File/ImageWidth" value="640"/>
          <property name="System/FileModifyDate" value="2017:07:12 04:43:46"/>
          <property name="System/FileSize" value="76768"/>
        </meta>
      </photo>
    </camera>
    <camera camera_id="37">
      <photo path="../../../../Images/RGB/FLIR0076.jpg">
        <meta>
          <property name="Exif/DateTime" value="2017:07:12 04:43:51"/>
          <property name="Exif/DateTimeOriginal" value="2017:07:12 04:43:51"/>
          <property name="Exif/Make" value="FLIR Systems AB"/>
          <property name="Exif/Model" value="FLIR E6"/>
          <property name="Exif/Orientation" value="1"/>
          <property name="Exif/Software" value="1.22.0"/>
          <property name="File/ImageHeight" value="480"/>
          <property name="File/ImageWidth" value="640"/>
          <property name="System/FileModifyDate" value="2017:07:12 04:43:52"/>
          <property name="System/FileSize" value="75384"/>
        </meta>
      </photo>
    </camera>
    <camera camera_id="38">
      <photo path="../../../../Images/RGB/FLIR0078.jpg">
        <meta>
          <property name="Exif/DateTime" value="2017:07:12 04:43:57"/>
          <property name="Exif/DateTimeOriginal" value="2017:07:12 04:43:57"/>
          <property name="Exif/Make" value="FLIR Systems AB"/>
          <property name="Exif/Model" value="FLIR E6"/>
          <property name="Exif/Orientation" value="1"/>
          <property name="Exif/Software" value="1.22.0"/>
          <property name="File/ImageHeight" value="480"/>
          <property name="File/ImageWidth" value="640"/>
          <property name="System/FileModifyDate" value="2017:07:12 04:43:58"/>
          <property name="System/FileSize" value="62993"/>
        </meta>
      </photo>
    </camera>
    <camera camera_id="39">
      <photo path="../../../../Images/RGB/FLIR0080.jpg">
        <meta>
          <property name="Exif/DateTime" value="2017:07:12 04:44:03"/>
          <property name="Exif/DateTimeOriginal" value="2017:07:12 04:44:03"/>
          <property name="Exif/Make" value="FLIR Systems AB"/>
          <property name="Exif/Model" value="FLIR E6"/>
          <property name="Exif/Orientation" value="1"/>
          <property name="Exif/Software" value="1.22.0"/>
          <property name="File/ImageHeight" value="480"/>
          <property name="File/ImageWidth" value="640"/>
          <property name="System/FileModifyDate" value="2017:07:12 04:44:04"/>
          <property name="System/FileSize" value="79340"/>
        </meta>
      </photo>
    </camera>
    <camera camera_id="40">
      <photo path="../../../../Images/RGB/FLIR0082.jpg">
        <meta>
          <property name="Exif/DateTime" value="2017:07:12 04:44:08"/>
          <property name="Exif/DateTimeOriginal" value="2017:07:12 04:44:08"/>
          <property name="Exif/Make" value="FLIR Systems AB"/>
          <property name="Exif/Model" value="FLIR E6"/>
          <property name="Exif/Orientation" value="1"/>
          <property name="Exif/Software" value="1.22.0"/>
          <property name="File/ImageHeight" value="480"/>
          <property name="File/ImageWidth" value="640"/>
          <property name="System/FileModifyDate" value="2017:07:12 04:44:08"/>
          <property name="System/FileSize" value="75050"/>
        </meta>
      </photo>
    </camera>
    <camera camera_id="41">
      <photo path="../../../../Images/RGB/FLIR0084.jpg">
        <meta>
          <property name="Exif/DateTime" value="2017:07:12 04:44:15"/>
          <property name="Exif/DateTimeOriginal" value="2017:07:12 04:44:15"/>
          <property name="Exif/Make" value="FLIR Systems AB"/>
          <property name="Exif/Model" value="FLIR E6"/>
          <property name="Exif/Orientation" value="1"/>
          <property name="Exif/Software" value="1.22.0"/>
          <property name="File/ImageHeight" value="480"/>
          <property name="File/ImageWidth" value="640"/>
          <property name="System/FileModifyDate" value="2017:07:12 04:44:16"/>
          <property name="System/FileSize" value="70681"/>
        </meta>
      </photo>
    </camera>
    <camera camera_id="42">
      <photo path="../../../../Images/RGB/FLIR0086.jpg">
        <meta>
          <property name="Exif/DateTime" value="2017:07:12 04:44:21"/>
          <property name="Exif/DateTimeOriginal" value="2017:07:12 04:44:21"/>
          <property name="Exif/Make" value="FLIR Systems AB"/>
          <property name="Exif/Model" value="FLIR E6"/>
          <property name="Exif/Orientation" value="1"/>
          <property name="Exif/Software" value="1.22.0"/>
          <property name="File/ImageHeight" value="480"/>
          <property name="File/ImageWidth" value="640"/>
          <property name="System/FileModifyDate" value="2017:07:12 04:44:22"/>
          <property name="System/FileSize" value="61330"/>
        </meta>
      </photo>
    </camera>
    <camera camera_id="43">
      <photo path="../../../../Images/RGB/FLIR0088.jpg">
        <meta>
          <property name="Exif/DateTime" value="2017:07:12 04:44:28"/>
          <property name="Exif/DateTimeOriginal" value="2017:07:12 04:44:28"/>
          <property name="Exif/Make" value="FLIR Systems AB"/>
          <property name="Exif/Model" value="FLIR E6"/>
          <property name="Exif/Orientation" value="1"/>
          <property name="Exif/Software" value="1.22.0"/>
          <property name="File/ImageHeight" value="480"/>
          <property name="File/ImageWidth" value="640"/>
          <property name="System/FileModifyDate" value="2017:07:12 04:44:28"/>
          <property name="System/FileSize" value="29540"/>
        </meta>
      </photo>
    </camera>
    <camera camera_id="44">
      <photo path="../../../../Images/RGB/FLIR0090.jpg">
        <meta>
          <property name="Exif/DateTime" value="2017:07:12 04:44:33"/>
          <property name="Exif/DateTimeOriginal" value="2017:07:12 04:44:33"/>
          <property name="Exif/Make" value="FLIR Systems AB"/>
          <property name="Exif/Model" value="FLIR E6"/>
          <property name="Exif/Orientation" value="1"/>
          <property name="Exif/Software" value="1.22.0"/>
          <property name="File/ImageHeight" value="480"/>
          <property name="File/ImageWidth" value="640"/>
          <property name="System/FileModifyDate" value="2017:07:12 04:44:34"/>
          <property name="System/FileSize" value="49687"/>
        </meta>
      </photo>
    </camera>
    <camera camera_id="45">
      <photo path="../../../../Images/RGB/FLIR0092.jpg">
        <meta>
          <property name="Exif/DateTime" value="2017:07:12 04:44:38"/>
          <property name="Exif/DateTimeOriginal" value="2017:07:12 04:44:38"/>
          <property name="Exif/Make" value="FLIR Systems AB"/>
          <property name="Exif/Model" value="FLIR E6"/>
          <property name="Exif/Orientation" value="1"/>
          <property name="Exif/Software" value="1.22.0"/>
          <property name="File/ImageHeight" value="480"/>
          <property name="File/ImageWidth" value="640"/>
          <property name="System/FileModifyDate" value="2017:07:12 04:44:40"/>
          <property name="System/FileSize" value="77793"/>
        </meta>
      </photo>
    </camera>
    <camera camera_id="46">
      <photo path="../../../../Images/RGB/FLIR0094.jpg">
        <meta>
          <property name="Exif/DateTime" value="2017:07:12 04:44:45"/>
          <property name="Exif/DateTimeOriginal" value="2017:07:12 04:44:45"/>
          <property name="Exif/Make" value="FLIR Systems AB"/>
          <property name="Exif/Model" value="FLIR E6"/>
          <property name="Exif/Orientation" value="1"/>
          <property name="Exif/Software" value="1.22.0"/>
          <property name="File/ImageHeight" value="480"/>
          <property name="File/ImageWidth" value="640"/>
          <property name="System/FileModifyDate" value="2017:07:12 04:44:46"/>
          <property name="System/FileSize" value="72841"/>
        </meta>
      </photo>
    </camera>
    <camera camera_id="47">
      <photo path="../../../../Images/RGB/FLIR0096.jpg">
        <meta>
          <property name="Exif/DateTime" value="2017:07:12 04:44:54"/>
          <property name="Exif/DateTimeOriginal" value="2017:07:12 04:44:54"/>
          <property name="Exif/Make" value="FLIR Systems AB"/>
          <property name="Exif/Model" value="FLIR E6"/>
          <property name="Exif/Orientation" value="1"/>
          <property name="Exif/Software" value="1.22.0"/>
          <property name="File/ImageHeight" value="480"/>
          <property name="File/ImageWidth" value="640"/>
          <property name="System/FileModifyDate" value="2017:07:12 04:44:54"/>
          <property name="System/FileSize" value="78373"/>
        </meta>
      </photo>
    </camera>
    <camera camera_id="48">
      <photo path="../../../../Images/RGB/FLIR0098.jpg">
        <meta>
          <property name="Exif/DateTime" value="2017:07:12 04:45:01"/>
          <property name="Exif/DateTimeOriginal" value="2017:07:12 04:45:01"/>
          <property name="Exif/Make" value="FLIR Systems AB"/>
          <property name="Exif/Model" value="FLIR E6"/>
          <property name="Exif/Orientation" value="1"/>
          <property name="Exif/Software" value="1.22.0"/>
          <property name="File/ImageHeight" value="480"/>
          <property name="File/ImageWidth" value="640"/>
          <property name="System/FileModifyDate" value="2017:07:12 04:45:02"/>
          <property name="System/FileSize" value="73724"/>
        </meta>
      </photo>
    </camera>
    <camera camera_id="49">
      <photo path="../../../../Images/RGB/FLIR0100.jpg">
        <meta>
          <property name="Exif/DateTime" value="2017:07:12 04:45:09"/>
          <property name="Exif/DateTimeOriginal" value="2017:07:12 04:45:09"/>
          <property name="Exif/Make" value="FLIR Systems AB"/>
          <property name="Exif/Model" value="FLIR E6"/>
          <property name="Exif/Orientation" value="1"/>
          <property name="Exif/Software" value="1.22.0"/>
          <property name="File/ImageHeight" value="480"/>
          <property name="File/ImageWidth" value="640"/>
          <property name="System/FileModifyDate" value="2017:07:12 04:45:10"/>
          <property name="System/FileSize" value="61376"/>
        </meta>
      </photo>
    </camera>
    <camera camera_id="50">
      <photo path="../../../../Images/RGB/FLIR0102.jpg">
        <meta>
          <property name="Exif/DateTime" value="2017:07:12 04:45:15"/>
          <property name="Exif/DateTimeOriginal" value="2017:07:12 04:45:15"/>
          <property name="Exif/Make" value="FLIR Systems AB"/>
          <property name="Exif/Model" value="FLIR E6"/>
          <property name="Exif/Orientation" value="1"/>
          <property name="Exif/Software" value="1.22.0"/>
          <property name="File/ImageHeight" value="480"/>
          <property name="File/ImageWidth" value="640"/>
          <property name="System/FileModifyDate" value="2017:07:12 04:45:16"/>
          <property name="System/FileSize" value="50646"/>
        </meta>
      </photo>
    </camera>
    <camera camera_id="51">
      <photo path="../../../../Images/RGB/FLIR0104.jpg">
        <meta>
          <property name="Exif/DateTime" value="2017:07:12 04:45:20"/>
          <property name="Exif/DateTimeOriginal" value="2017:07:12 04:45:20"/>
          <property name="Exif/Make" value="FLIR Systems AB"/>
          <property name="Exif/Model" value="FLIR E6"/>
          <property name="Exif/Orientation" value="1"/>
          <property name="Exif/Software" value="1.22.0"/>
          <property name="File/ImageHeight" value="480"/>
          <property name="File/ImageWidth" value="640"/>
          <property name="System/FileModifyDate" value="2017:07:12 04:45:20"/>
          <property name="System/FileSize" value="53281"/>
        </meta>
      </photo>
    </camera>
    <camera camera_id="52">
      <photo path="../../../../Images/RGB/FLIR0106.jpg">
        <meta>
          <property name="Exif/DateTime" value="2017:07:12 04:45:24"/>
          <property name="Exif/DateTimeOriginal" value="2017:07:12 04:45:24"/>
          <property name="Exif/Make" value="FLIR Systems AB"/>
          <property name="Exif/Model" value="FLIR E6"/>
          <property name="Exif/Orientation" value="1"/>
          <property name="Exif/Software" value="1.22.0"/>
          <property name="File/ImageHeight" value="480"/>
          <property name="File/ImageWidth" value="640"/>
          <property name="System/FileModifyDate" value="2017:07:12 04:45:24"/>
          <property name="System/FileSize" value="55597"/>
        </meta>
      </photo>
    </camera>
    <camera camera_id="53">
      <photo path="../../../../Images/RGB/FLIR0108.jpg">
        <meta>
          <property name="Exif/DateTime" value="2017:07:12 04:45:30"/>
          <property name="Exif/DateTimeOriginal" value="2017:07:12 04:45:30"/>
          <property name="Exif/Make" value="FLIR Systems AB"/>
          <property name="Exif/Model" value="FLIR E6"/>
          <property name="Exif/Orientation" value="1"/>
          <property name="Exif/Software" value="1.22.0"/>
          <property name="File/ImageHeight" value="480"/>
          <property name="File/ImageWidth" value="640"/>
          <property name="System/FileModifyDate" value="2017:07:12 04:45:32"/>
          <property name="System/FileSize" value="57852"/>
        </meta>
      </photo>
    </camera>
    <camera camera_id="54">
      <photo path="../../../../Images/RGB/FLIR0110.jpg">
        <meta>
          <property name="Exif/DateTime" value="2017:07:12 04:45:36"/>
          <property name="Exif/DateTimeOriginal" value="2017:07:12 04:45:36"/>
          <property name="Exif/Make" value="FLIR Systems AB"/>
          <property name="Exif/Model" value="FLIR E6"/>
          <property name="Exif/Orientation" value="1"/>
          <property name="Exif/Software" value="1.22.0"/>
          <property name="File/ImageHeight" value="480"/>
          <property name="File/ImageWidth" value="640"/>
          <property name="System/FileModifyDate" value="2017:07:12 04:45:38"/>
          <property name="System/FileSize" value="52784"/>
        </meta>
      </photo>
    </camera>
    <camera camera_id="55">
      <photo path="../../../../Images/RGB/FLIR0112.jpg">
        <meta>
          <property name="Exif/DateTime" value="2017:07:12 04:45:41"/>
          <property name="Exif/DateTimeOriginal" value="2017:07:12 04:45:41"/>
          <property name="Exif/Make" value="FLIR Systems AB"/>
          <property name="Exif/Model" value="FLIR E6"/>
          <property name="Exif/Orientation" value="1"/>
          <property name="Exif/Software" value="1.22.0"/>
          <property name="File/ImageHeight" value="480"/>
          <property name="File/ImageWidth" value="640"/>
          <property name="System/FileModifyDate" value="2017:07:12 04:45:42"/>
          <property name="System/FileSize" value="59754"/>
        </meta>
      </photo>
    </camera>
    <camera camera_id="56">
      <photo path="../../../../Images/RGB/FLIR0114.jpg">
        <meta>
          <property name="Exif/DateTime" value="2017:07:12 04:45:47"/>
          <property name="Exif/DateTimeOriginal" value="2017:07:12 04:45:47"/>
          <property name="Exif/Make" value="FLIR Systems AB"/>
          <property name="Exif/Model" value="FLIR E6"/>
          <property name="Exif/Orientation" value="1"/>
          <property name="Exif/Software" value="1.22.0"/>
          <property name="File/ImageHeight" value="480"/>
          <property name="File/ImageWidth" value="640"/>
          <property name="System/FileModifyDate" value="2017:07:12 04:45:48"/>
          <property name="System/FileSize" value="50742"/>
        </meta>
      </photo>
    </camera>
    <camera camera_id="57">
      <photo path="../../../../Images/RGB/FLIR0116.jpg">
        <meta>
          <property name="Exif/DateTime" value="2017:07:12 04:45:55"/>
          <property name="Exif/DateTimeOriginal" value="2017:07:12 04:45:55"/>
          <property name="Exif/Make" value="FLIR Systems AB"/>
          <property name="Exif/Model" value="FLIR E6"/>
          <property name="Exif/Orientation" value="1"/>
          <property name="Exif/Software" value="1.22.0"/>
          <property name="File/ImageHeight" value="480"/>
          <property name="File/ImageWidth" value="640"/>
          <property name="System/FileModifyDate" value="2017:07:12 04:45:56"/>
          <property name="System/FileSize" value="43805"/>
        </meta>
      </photo>
    </camera>
    <camera camera_id="58">
      <photo path="../../../../Images/RGB/FLIR0118.jpg">
        <meta>
          <property name="Exif/DateTime" value="2017:07:12 04:46:01"/>
          <property name="Exif/DateTimeOriginal" value="2017:07:12 04:46:01"/>
          <property name="Exif/Make" value="FLIR Systems AB"/>
          <property name="Exif/Model" value="FLIR E6"/>
          <property name="Exif/Orientation" value="1"/>
          <property name="Exif/Software" value="1.22.0"/>
          <property name="File/ImageHeight" value="480"/>
          <property name="File/ImageWidth" value="640"/>
          <property name="System/FileModifyDate" value="2017:07:12 04:46:02"/>
          <property name="System/FileSize" value="42077"/>
        </meta>
      </photo>
    </camera>
    <camera camera_id="59">
      <photo path="../../../../Images/RGB/FLIR0120.jpg">
        <meta>
          <property name="Exif/DateTime" value="2017:07:12 04:46:06"/>
          <property name="Exif/DateTimeOriginal" value="2017:07:12 04:46:06"/>
          <property name="Exif/Make" value="FLIR Systems AB"/>
          <property name="Exif/Model" value="FLIR E6"/>
          <property name="Exif/Orientation" value="1"/>
          <property name="Exif/Software" value="1.22.0"/>
          <property name="File/ImageHeight" value="480"/>
          <property name="File/ImageWidth" value="640"/>
          <property name="System/FileModifyDate" value="2017:07:12 04:46:08"/>
          <property name="System/FileSize" value="50797"/>
        </meta>
      </photo>
    </camera>
    <camera camera_id="60">
      <photo path="../../../../Images/RGB/FLIR0122.jpg">
        <meta>
          <property name="Exif/DateTime" value="2017:07:12 04:46:11"/>
          <property name="Exif/DateTimeOriginal" value="2017:07:12 04:46:11"/>
          <property name="Exif/Make" value="FLIR Systems AB"/>
          <property name="Exif/Model" value="FLIR E6"/>
          <property name="Exif/Orientation" value="1"/>
          <property name="Exif/Software" value="1.22.0"/>
          <property name="File/ImageHeight" value="480"/>
          <property name="File/ImageWidth" value="640"/>
          <property name="System/FileModifyDate" value="2017:07:12 04:46:12"/>
          <property name="System/FileSize" value="44988"/>
        </meta>
      </photo>
    </camera>
    <camera camera_id="61">
      <photo path="../../../../Images/RGB/FLIR0124.jpg">
        <meta>
          <property name="Exif/DateTime" value="2017:07:12 04:46:18"/>
          <property name="Exif/DateTimeOriginal" value="2017:07:12 04:46:18"/>
          <property name="Exif/Make" value="FLIR Systems AB"/>
          <property name="Exif/Model" value="FLIR E6"/>
          <property name="Exif/Orientation" value="1"/>
          <property name="Exif/Software" value="1.22.0"/>
          <property name="File/ImageHeight" value="480"/>
          <property name="File/ImageWidth" value="640"/>
          <property name="System/FileModifyDate" value="2017:07:12 04:46:18"/>
          <property name="System/FileSize" value="61412"/>
        </meta>
      </photo>
    </camera>
    <camera camera_id="62">
      <photo path="../../../../Images/RGB/FLIR0126.jpg">
        <meta>
          <property name="Exif/DateTime" value="2017:07:12 04:46:24"/>
          <property name="Exif/DateTimeOriginal" value="2017:07:12 04:46:24"/>
          <property name="Exif/Make" value="FLIR Systems AB"/>
          <property name="Exif/Model" value="FLIR E6"/>
          <property name="Exif/Orientation" value="1"/>
          <property name="Exif/Software" value="1.22.0"/>
          <property name="File/ImageHeight" value="480"/>
          <property name="File/ImageWidth" value="640"/>
          <property name="System/FileModifyDate" value="2017:07:12 04:46:24"/>
          <property name="System/FileSize" value="44077"/>
        </meta>
      </photo>
    </camera>
    <camera camera_id="63">
      <photo path="../../../../Images/RGB/FLIR0128.jpg">
        <meta>
          <property name="Exif/DateTime" value="2017:07:12 04:46:27"/>
          <property name="Exif/DateTimeOriginal" value="2017:07:12 04:46:27"/>
          <property name="Exif/Make" value="FLIR Systems AB"/>
          <property name="Exif/Model" value="FLIR E6"/>
          <property name="Exif/Orientation" value="1"/>
          <property name="Exif/Software" value="1.22.0"/>
          <property name="File/ImageHeight" value="480"/>
          <property name="File/ImageWidth" value="640"/>
          <property name="System/FileModifyDate" value="2017:07:12 04:46:28"/>
          <property name="System/FileSize" value="72397"/>
        </meta>
      </photo>
    </camera>
    <camera camera_id="64">
      <photo path="../../../../Images/RGB/FLIR0130.jpg">
        <meta>
          <property name="Exif/DateTime" value="2017:07:12 04:46:31"/>
          <property name="Exif/DateTimeOriginal" value="2017:07:12 04:46:31"/>
          <property name="Exif/Make" value="FLIR Systems AB"/>
          <property name="Exif/Model" value="FLIR E6"/>
          <property name="Exif/Orientation" value="1"/>
          <property name="Exif/Software" value="1.22.0"/>
          <property name="File/ImageHeight" value="480"/>
          <property name="File/ImageWidth" value="640"/>
          <property name="System/FileModifyDate" value="2017:07:12 04:46:32"/>
          <property name="System/FileSize" value="73793"/>
        </meta>
      </photo>
    </camera>
    <camera camera_id="65">
      <photo path="../../../../Images/RGB/FLIR0132.jpg">
        <meta>
          <property name="Exif/DateTime" value="2017:07:12 04:46:35"/>
          <property name="Exif/DateTimeOriginal" value="2017:07:12 04:46:35"/>
          <property name="Exif/Make" value="FLIR Systems AB"/>
          <property name="Exif/Model" value="FLIR E6"/>
          <property name="Exif/Orientation" value="1"/>
          <property name="Exif/Software" value="1.22.0"/>
          <property name="File/ImageHeight" value="480"/>
          <property name="File/ImageWidth" value="640"/>
          <property name="System/FileModifyDate" value="2017:07:12 04:46:36"/>
          <property name="System/FileSize" value="40455"/>
        </meta>
      </photo>
    </camera>
    <camera camera_id="66">
      <photo path="../../../../Images/RGB/FLIR0134.jpg">
        <meta>
          <property name="Exif/DateTime" value="2017:07:12 04:46:40"/>
          <property name="Exif/DateTimeOriginal" value="2017:07:12 04:46:40"/>
          <property name="Exif/Make" value="FLIR Systems AB"/>
          <property name="Exif/Model" value="FLIR E6"/>
          <property name="Exif/Orientation" value="1"/>
          <property name="Exif/Software" value="1.22.0"/>
          <property name="File/ImageHeight" value="480"/>
          <property name="File/ImageWidth" value="640"/>
          <property name="System/FileModifyDate" value="2017:07:12 04:46:40"/>
          <property name="System/FileSize" value="77273"/>
        </meta>
      </photo>
    </camera>
    <camera camera_id="67">
      <photo path="../../../../Images/RGB/FLIR0136.jpg">
        <meta>
          <property name="Exif/DateTime" value="2017:07:12 04:46:44"/>
          <property name="Exif/DateTimeOriginal" value="2017:07:12 04:46:44"/>
          <property name="Exif/Make" value="FLIR Systems AB"/>
          <property name="Exif/Model" value="FLIR E6"/>
          <property name="Exif/Orientation" value="1"/>
          <property name="Exif/Software" value="1.22.0"/>
          <property name="File/ImageHeight" value="480"/>
          <property name="File/ImageWidth" value="640"/>
          <property name="System/FileModifyDate" value="2017:07:12 04:46:46"/>
          <property name="System/FileSize" value="81794"/>
        </meta>
      </photo>
    </camera>
    <camera camera_id="68">
      <photo path="../../../../Images/RGB/FLIR0138.jpg">
        <meta>
          <property name="Exif/DateTime" value="2017:07:12 04:46:48"/>
          <property name="Exif/DateTimeOriginal" value="2017:07:12 04:46:48"/>
          <property name="Exif/Make" value="FLIR Systems AB"/>
          <property name="Exif/Model" value="FLIR E6"/>
          <property name="Exif/Orientation" value="1"/>
          <property name="Exif/Software" value="1.22.0"/>
          <property name="File/ImageHeight" value="480"/>
          <property name="File/ImageWidth" value="640"/>
          <property name="System/FileModifyDate" value="2017:07:12 04:46:48"/>
          <property name="System/FileSize" value="40230"/>
        </meta>
      </photo>
    </camera>
    <camera camera_id="69">
      <photo path="../../../../Images/RGB/FLIR0140.jpg">
        <meta>
          <property name="Exif/DateTime" value="2017:07:12 04:46:54"/>
          <property name="Exif/DateTimeOriginal" value="2017:07:12 04:46:54"/>
          <property name="Exif/Make" value="FLIR Systems AB"/>
          <property name="Exif/Model" value="FLIR E6"/>
          <property name="Exif/Orientation" value="1"/>
          <property name="Exif/Software" value="1.22.0"/>
          <property name="File/ImageHeight" value="480"/>
          <property name="File/ImageWidth" value="640"/>
          <property name="System/FileModifyDate" value="2017:07:12 04:46:54"/>
          <property name="System/FileSize" value="78298"/>
        </meta>
      </photo>
    </camera>
    <camera camera_id="70">
      <photo path="../../../../Images/RGB/FLIR0142.jpg">
        <meta>
          <property name="Exif/DateTime" value="2017:07:12 04:46:58"/>
          <property name="Exif/DateTimeOriginal" value="2017:07:12 04:46:58"/>
          <property name="Exif/Make" value="FLIR Systems AB"/>
          <property name="Exif/Model" value="FLIR E6"/>
          <property name="Exif/Orientation" value="1"/>
          <property name="Exif/Software" value="1.22.0"/>
          <property name="File/ImageHeight" value="480"/>
          <property name="File/ImageWidth" value="640"/>
          <property name="System/FileModifyDate" value="2017:07:12 04:46:58"/>
          <property name="System/FileSize" value="43738"/>
        </meta>
      </photo>
    </camera>
    <camera camera_id="71">
      <photo path="../../../../Images/RGB/FLIR0144.jpg">
        <meta>
          <property name="Exif/DateTime" value="2017:07:12 04:47:11"/>
          <property name="Exif/DateTimeOriginal" value="2017:07:12 04:47:11"/>
          <property name="Exif/Make" value="FLIR Systems AB"/>
          <property name="Exif/Model" value="FLIR E6"/>
          <property name="Exif/Orientation" value="1"/>
          <property name="Exif/Software" value="1.22.0"/>
          <property name="File/ImageHeight" value="480"/>
          <property name="File/ImageWidth" value="640"/>
          <property name="System/FileModifyDate" value="2017:07:12 04:47:12"/>
          <property name="System/FileSize" value="81675"/>
        </meta>
      </photo>
    </camera>
    <camera camera_id="72">
      <photo path="../../../../Images/RGB/FLIR0146.jpg">
        <meta>
          <property name="Exif/DateTime" value="2017:07:12 04:47:15"/>
          <property name="Exif/DateTimeOriginal" value="2017:07:12 04:47:15"/>
          <property name="Exif/Make" value="FLIR Systems AB"/>
          <property name="Exif/Model" value="FLIR E6"/>
          <property name="Exif/Orientation" value="1"/>
          <property name="Exif/Software" value="1.22.0"/>
          <property name="File/ImageHeight" value="480"/>
          <property name="File/ImageWidth" value="640"/>
          <property name="System/FileModifyDate" value="2017:07:12 04:47:16"/>
          <property name="System/FileSize" value="47766"/>
        </meta>
      </photo>
    </camera>
    <camera camera_id="73">
      <photo path="../../../../Images/RGB/FLIR0148.jpg">
        <meta>
          <property name="Exif/DateTime" value="2017:07:12 04:47:20"/>
          <property name="Exif/DateTimeOriginal" value="2017:07:12 04:47:20"/>
          <property name="Exif/Make" value="FLIR Systems AB"/>
          <property name="Exif/Model" value="FLIR E6"/>
          <property name="Exif/Orientation" value="1"/>
          <property name="Exif/Software" value="1.22.0"/>
          <property name="File/ImageHeight" value="480"/>
          <property name="File/ImageWidth" value="640"/>
          <property name="System/FileModifyDate" value="2017:07:12 04:47:20"/>
          <property name="System/FileSize" value="40027"/>
        </meta>
      </photo>
    </camera>
    <camera camera_id="74">
      <photo path="../../../../Images/RGB/FLIR0150.jpg">
        <meta>
          <property name="Exif/DateTime" value="2017:07:12 04:47:25"/>
          <property name="Exif/DateTimeOriginal" value="2017:07:12 04:47:25"/>
          <property name="Exif/Make" value="FLIR Systems AB"/>
          <property name="Exif/Model" value="FLIR E6"/>
          <property name="Exif/Orientation" value="1"/>
          <property name="Exif/Software" value="1.22.0"/>
          <property name="File/ImageHeight" value="480"/>
          <property name="File/ImageWidth" value="640"/>
          <property name="System/FileModifyDate" value="2017:07:12 04:47:26"/>
          <property name="System/FileSize" value="83517"/>
        </meta>
      </photo>
    </camera>
    <camera camera_id="75">
      <photo path="../../../../Images/RGB/FLIR0152.jpg">
        <meta>
          <property name="Exif/DateTime" value="2017:07:12 04:47:29"/>
          <property name="Exif/DateTimeOriginal" value="2017:07:12 04:47:29"/>
          <property name="Exif/Make" value="FLIR Systems AB"/>
          <property name="Exif/Model" value="FLIR E6"/>
          <property name="Exif/Orientation" value="1"/>
          <property name="Exif/Software" value="1.22.0"/>
          <property name="File/ImageHeight" value="480"/>
          <property name="File/ImageWidth" value="640"/>
          <property name="System/FileModifyDate" value="2017:07:12 04:47:30"/>
          <property name="System/FileSize" value="83251"/>
        </meta>
      </photo>
    </camera>
    <camera camera_id="76">
      <photo path="../../../../Images/RGB/FLIR0154.jpg">
        <meta>
          <property name="Exif/DateTime" value="2017:07:12 04:47:33"/>
          <property name="Exif/DateTimeOriginal" value="2017:07:12 04:47:33"/>
          <property name="Exif/Make" value="FLIR Systems AB"/>
          <property name="Exif/Model" value="FLIR E6"/>
          <property name="Exif/Orientation" value="1"/>
          <property name="Exif/Software" value="1.22.0"/>
          <property name="File/ImageHeight" value="480"/>
          <property name="File/ImageWidth" value="640"/>
          <property name="System/FileModifyDate" value="2017:07:12 04:47:34"/>
          <property name="System/FileSize" value="83783"/>
        </meta>
      </photo>
    </camera>
    <camera camera_id="77">
      <photo path="../../../../Images/RGB/FLIR0156.jpg">
        <meta>
          <property name="Exif/DateTime" value="2017:07:12 04:47:38"/>
          <property name="Exif/DateTimeOriginal" value="2017:07:12 04:47:38"/>
          <property name="Exif/Make" value="FLIR Systems AB"/>
          <property name="Exif/Model" value="FLIR E6"/>
          <property name="Exif/Orientation" value="1"/>
          <property name="Exif/Software" value="1.22.0"/>
          <property name="File/ImageHeight" value="480"/>
          <property name="File/ImageWidth" value="640"/>
          <property name="System/FileModifyDate" value="2017:07:12 04:47:38"/>
          <property name="System/FileSize" value="81010"/>
        </meta>
      </photo>
    </camera>
    <camera camera_id="78">
      <photo path="../../../../Images/RGB/FLIR0158.jpg">
        <meta>
          <property name="Exif/DateTime" value="2017:07:12 04:47:42"/>
          <property name="Exif/DateTimeOriginal" value="2017:07:12 04:47:42"/>
          <property name="Exif/Make" value="FLIR Systems AB"/>
          <property name="Exif/Model" value="FLIR E6"/>
          <property name="Exif/Orientation" value="1"/>
          <property name="Exif/Software" value="1.22.0"/>
          <property name="File/ImageHeight" value="480"/>
          <property name="File/ImageWidth" value="640"/>
          <property name="System/FileModifyDate" value="2017:07:12 04:47:44"/>
          <property name="System/FileSize" value="80625"/>
        </meta>
      </photo>
    </camera>
    <camera camera_id="79">
      <photo path="../../../../Images/RGB/FLIR0160.jpg">
        <meta>
          <property name="Exif/DateTime" value="2017:07:12 04:47:47"/>
          <property name="Exif/DateTimeOriginal" value="2017:07:12 04:47:47"/>
          <property name="Exif/Make" value="FLIR Systems AB"/>
          <property name="Exif/Model" value="FLIR E6"/>
          <property name="Exif/Orientation" value="1"/>
          <property name="Exif/Software" value="1.22.0"/>
          <property name="File/ImageHeight" value="480"/>
          <property name="File/ImageWidth" value="640"/>
          <property name="System/FileModifyDate" value="2017:07:12 04:47:48"/>
          <property name="System/FileSize" value="79978"/>
        </meta>
      </photo>
    </camera>
    <camera camera_id="80">
      <photo path="../../../../Images/RGB/FLIR0162.jpg">
        <meta>
          <property name="Exif/DateTime" value="2017:07:12 04:47:52"/>
          <property name="Exif/DateTimeOriginal" value="2017:07:12 04:47:52"/>
          <property name="Exif/Make" value="FLIR Systems AB"/>
          <property name="Exif/Model" value="FLIR E6"/>
          <property name="Exif/Orientation" value="1"/>
          <property name="Exif/Software" value="1.22.0"/>
          <property name="File/ImageHeight" value="480"/>
          <property name="File/ImageWidth" value="640"/>
          <property name="System/FileModifyDate" value="2017:07:12 04:47:52"/>
          <property name="System/FileSize" value="35428"/>
        </meta>
      </photo>
    </camera>
    <camera camera_id="81">
      <photo path="../../../../Images/RGB/FLIR0164.jpg">
        <meta>
          <property name="Exif/DateTime" value="2017:07:12 04:47:55"/>
          <property name="Exif/DateTimeOriginal" value="2017:07:12 04:47:55"/>
          <property name="Exif/Make" value="FLIR Systems AB"/>
          <property name="Exif/Model" value="FLIR E6"/>
          <property name="Exif/Orientation" value="1"/>
          <property name="Exif/Software" value="1.22.0"/>
          <property name="File/ImageHeight" value="480"/>
          <property name="File/ImageWidth" value="640"/>
          <property name="System/FileModifyDate" value="2017:07:12 04:47:56"/>
          <property name="System/FileSize" value="40610"/>
        </meta>
      </photo>
    </camera>
    <camera camera_id="82">
      <photo path="../../../../Images/RGB/FLIR0166.jpg">
        <meta>
          <property name="Exif/DateTime" value="2017:07:12 04:47:59"/>
          <property name="Exif/DateTimeOriginal" value="2017:07:12 04:47:59"/>
          <property name="Exif/Make" value="FLIR Systems AB"/>
          <property name="Exif/Model" value="FLIR E6"/>
          <property name="Exif/Orientation" value="1"/>
          <property name="Exif/Software" value="1.22.0"/>
          <property name="File/ImageHeight" value="480"/>
          <property name="File/ImageWidth" value="640"/>
          <property name="System/FileModifyDate" value="2017:07:12 04:48:00"/>
          <property name="System/FileSize" value="43787"/>
        </meta>
      </photo>
    </camera>
    <camera camera_id="83">
      <photo path="../../../../Images/RGB/FLIR0168.jpg">
        <meta>
          <property name="Exif/DateTime" value="2017:07:12 04:48:02"/>
          <property name="Exif/DateTimeOriginal" value="2017:07:12 04:48:02"/>
          <property name="Exif/Make" value="FLIR Systems AB"/>
          <property name="Exif/Model" value="FLIR E6"/>
          <property name="Exif/Orientation" value="1"/>
          <property name="Exif/Software" value="1.22.0"/>
          <property name="File/ImageHeight" value="480"/>
          <property name="File/ImageWidth" value="640"/>
          <property name="System/FileModifyDate" value="2017:07:12 04:48:02"/>
          <property name="System/FileSize" value="48297"/>
        </meta>
      </photo>
    </camera>
    <camera camera_id="84">
      <photo path="../../../../Images/RGB/FLIR0170.jpg">
        <meta>
          <property name="Exif/DateTime" value="2017:07:12 04:48:06"/>
          <property name="Exif/DateTimeOriginal" value="2017:07:12 04:48:06"/>
          <property name="Exif/Make" value="FLIR Systems AB"/>
          <property name="Exif/Model" value="FLIR E6"/>
          <property name="Exif/Orientation" value="1"/>
          <property name="Exif/Software" value="1.22.0"/>
          <property name="File/ImageHeight" value="480"/>
          <property name="File/ImageWidth" value="640"/>
          <property name="System/FileModifyDate" value="2017:07:12 04:48:06"/>
          <property name="System/FileSize" value="43994"/>
        </meta>
      </photo>
    </camera>
    <camera camera_id="85">
      <photo path="../../../../Images/RGB/FLIR0172.jpg">
        <meta>
          <property name="Exif/DateTime" value="2017:07:12 04:48:09"/>
          <property name="Exif/DateTimeOriginal" value="2017:07:12 04:48:09"/>
          <property name="Exif/Make" value="FLIR Systems AB"/>
          <property name="Exif/Model" value="FLIR E6"/>
          <property name="Exif/Orientation" value="1"/>
          <property name="Exif/Software" value="1.22.0"/>
          <property name="File/ImageHeight" value="480"/>
          <property name="File/ImageWidth" value="640"/>
          <property name="System/FileModifyDate" value="2017:07:12 04:48:10"/>
          <property name="System/FileSize" value="78303"/>
        </meta>
      </photo>
    </camera>
    <camera camera_id="86">
      <photo path="../../../../Images/RGB/FLIR0174.jpg">
        <meta>
          <property name="Exif/DateTime" value="2017:07:12 04:48:12"/>
          <property name="Exif/DateTimeOriginal" value="2017:07:12 04:48:12"/>
          <property name="Exif/Make" value="FLIR Systems AB"/>
          <property name="Exif/Model" value="FLIR E6"/>
          <property name="Exif/Orientation" value="1"/>
          <property name="Exif/Software" value="1.22.0"/>
          <property name="File/ImageHeight" value="480"/>
          <property name="File/ImageWidth" value="640"/>
          <property name="System/FileModifyDate" value="2017:07:12 04:48:14"/>
          <property name="System/FileSize" value="79355"/>
        </meta>
      </photo>
    </camera>
    <camera camera_id="87">
      <photo path="../../../../Images/RGB/FLIR0176.jpg">
        <meta>
          <property name="Exif/DateTime" value="2017:07:12 04:48:16"/>
          <property name="Exif/DateTimeOriginal" value="2017:07:12 04:48:16"/>
          <property name="Exif/Make" value="FLIR Systems AB"/>
          <property name="Exif/Model" value="FLIR E6"/>
          <property name="Exif/Orientation" value="1"/>
          <property name="Exif/Software" value="1.22.0"/>
          <property name="File/ImageHeight" value="480"/>
          <property name="File/ImageWidth" value="640"/>
          <property name="System/FileModifyDate" value="2017:07:12 04:48:16"/>
          <property name="System/FileSize" value="85389"/>
        </meta>
      </photo>
    </camera>
    <camera camera_id="88">
      <photo path="../../../../Images/RGB/FLIR0178.jpg">
        <meta>
          <property name="Exif/DateTime" value="2017:07:12 04:48:22"/>
          <property name="Exif/DateTimeOriginal" value="2017:07:12 04:48:22"/>
          <property name="Exif/Make" value="FLIR Systems AB"/>
          <property name="Exif/Model" value="FLIR E6"/>
          <property name="Exif/Orientation" value="1"/>
          <property name="Exif/Software" value="1.22.0"/>
          <property name="File/ImageHeight" value="480"/>
          <property name="File/ImageWidth" value="640"/>
          <property name="System/FileModifyDate" value="2017:07:12 04:48:22"/>
          <property name="System/FileSize" value="85809"/>
        </meta>
      </photo>
    </camera>
    <camera camera_id="89">
      <photo path="../../../../Images/RGB/FLIR0180.jpg">
        <meta>
          <property name="Exif/DateTime" value="2017:07:12 04:48:27"/>
          <property name="Exif/DateTimeOriginal" value="2017:07:12 04:48:27"/>
          <property name="Exif/Make" value="FLIR Systems AB"/>
          <property name="Exif/Model" value="FLIR E6"/>
          <property name="Exif/Orientation" value="1"/>
          <property name="Exif/Software" value="1.22.0"/>
          <property name="File/ImageHeight" value="480"/>
          <property name="File/ImageWidth" value="640"/>
          <property name="System/FileModifyDate" value="2017:07:12 04:48:28"/>
          <property name="System/FileSize" value="82843"/>
        </meta>
      </photo>
    </camera>
    <camera camera_id="90">
      <photo path="../../../../Images/RGB/FLIR0182.jpg">
        <meta>
          <property name="Exif/DateTime" value="2017:07:12 04:48:31"/>
          <property name="Exif/DateTimeOriginal" value="2017:07:12 04:48:31"/>
          <property name="Exif/Make" value="FLIR Systems AB"/>
          <property name="Exif/Model" value="FLIR E6"/>
          <property name="Exif/Orientation" value="1"/>
          <property name="Exif/Software" value="1.22.0"/>
          <property name="File/ImageHeight" value="480"/>
          <property name="File/ImageWidth" value="640"/>
          <property name="System/FileModifyDate" value="2017:07:12 04:48:32"/>
          <property name="System/FileSize" value="83624"/>
        </meta>
      </photo>
    </camera>
    <camera camera_id="91">
      <photo path="../../../../Images/RGB/FLIR0184.jpg">
        <meta>
          <property name="Exif/DateTime" value="2017:07:12 04:48:39"/>
          <property name="Exif/DateTimeOriginal" value="2017:07:12 04:48:39"/>
          <property name="Exif/Make" value="FLIR Systems AB"/>
          <property name="Exif/Model" value="FLIR E6"/>
          <property name="Exif/Orientation" value="1"/>
          <property name="Exif/Software" value="1.22.0"/>
          <property name="File/ImageHeight" value="480"/>
          <property name="File/ImageWidth" value="640"/>
          <property name="System/FileModifyDate" value="2017:07:12 04:48:40"/>
          <property name="System/FileSize" value="72144"/>
        </meta>
      </photo>
    </camera>
    <camera camera_id="92">
      <photo path="../../../../Images/RGB/FLIR0186.jpg">
        <meta>
          <property name="Exif/DateTime" value="2017:07:12 04:48:45"/>
          <property name="Exif/DateTimeOriginal" value="2017:07:12 04:48:45"/>
          <property name="Exif/Make" value="FLIR Systems AB"/>
          <property name="Exif/Model" value="FLIR E6"/>
          <property name="Exif/Orientation" value="1"/>
          <property name="Exif/Software" value="1.22.0"/>
          <property name="File/ImageHeight" value="480"/>
          <property name="File/ImageWidth" value="640"/>
          <property name="System/FileModifyDate" value="2017:07:12 04:48:46"/>
          <property name="System/FileSize" value="64378"/>
        </meta>
      </photo>
    </camera>
    <camera camera_id="93">
      <photo path="../../../../Images/RGB/FLIR0188.jpg">
        <meta>
          <property name="Exif/DateTime" value="2017:07:12 04:48:52"/>
          <property name="Exif/DateTimeOriginal" value="2017:07:12 04:48:52"/>
          <property name="Exif/Make" value="FLIR Systems AB"/>
          <property name="Exif/Model" value="FLIR E6"/>
          <property name="Exif/Orientation" value="1"/>
          <property name="Exif/Software" value="1.22.0"/>
          <property name="File/ImageHeight" value="480"/>
          <property name="File/ImageWidth" value="640"/>
          <property name="System/FileModifyDate" value="2017:07:12 04:48:52"/>
          <property name="System/FileSize" value="56461"/>
        </meta>
      </photo>
    </camera>
    <camera camera_id="94">
      <photo path="../../../../Images/RGB/FLIR0190.jpg">
        <meta>
          <property name="Exif/DateTime" value="2017:07:12 04:48:58"/>
          <property name="Exif/DateTimeOriginal" value="2017:07:12 04:48:58"/>
          <property name="Exif/Make" value="FLIR Systems AB"/>
          <property name="Exif/Model" value="FLIR E6"/>
          <property name="Exif/Orientation" value="1"/>
          <property name="Exif/Software" value="1.22.0"/>
          <property name="File/ImageHeight" value="480"/>
          <property name="File/ImageWidth" value="640"/>
          <property name="System/FileModifyDate" value="2017:07:12 04:49:00"/>
          <property name="System/FileSize" value="51261"/>
        </meta>
      </photo>
    </camera>
  </cameras>
  <thumbnails path="thumbnails/thumbnails.zip"/>
  <point_cloud path="point_cloud/point_cloud.zip"/>
  <dense_cloud path="dense_cloud/dense_cloud.zip"/>
</frame>
