<?xml version="1.0" encoding="UTF-8"?>
<point_cloud version="1.2.0">
  <params>
    <dataType>uint8</dataType>
    <bands>
      <band label="Red"/>
      <band label="Green"/>
      <band label="Blue"/>
    </bands>
  </params>
  <tracks path="tracks.ply" count="34410"/>
  <points path="points.ply" count="24482"/>
  <projections camera_id="0" path="p0.ply" count="968"/>
  <projections camera_id="1" path="p1.ply" count="1244"/>
  <projections camera_id="2" path="p2.ply" count="1426"/>
  <projections camera_id="3" path="p3.ply" count="1525"/>
  <projections camera_id="4" path="p4.ply" count="1506"/>
  <projections camera_id="5" path="p5.ply" count="1517"/>
  <projections camera_id="6" path="p6.ply" count="1123"/>
  <projections camera_id="7" path="p7.ply" count="1543"/>
  <projections camera_id="8" path="p8.ply" count="1534"/>
  <projections camera_id="9" path="p9.ply" count="1622"/>
  <projections camera_id="10" path="p10.ply" count="1580"/>
  <projections camera_id="11" path="p11.ply" count="1421"/>
  <projections camera_id="12" path="p12.ply" count="1362"/>
  <projections camera_id="13" path="p13.ply" count="1417"/>
  <projections camera_id="14" path="p14.ply" count="990"/>
  <projections camera_id="15" path="p15.ply" count="1162"/>
  <projections camera_id="16" path="p16.ply" count="1023"/>
  <projections camera_id="17" path="p17.ply" count="438"/>
  <projections camera_id="18" path="p18.ply" count="761"/>
  <projections camera_id="19" path="p19.ply" count="822"/>
  <projections camera_id="20" path="p20.ply" count="831"/>
  <projections camera_id="21" path="p21.ply" count="983"/>
  <projections camera_id="22" path="p22.ply" count="1260"/>
  <projections camera_id="23" path="p23.ply" count="1348"/>
  <projections camera_id="24" path="p24.ply" count="1465"/>
  <projections camera_id="25" path="p25.ply" count="1326"/>
  <projections camera_id="26" path="p26.ply" count="1080"/>
  <projections camera_id="27" path="p27.ply" count="1411"/>
  <projections camera_id="28" path="p28.ply" count="1490"/>
  <projections camera_id="29" path="p29.ply" count="2004"/>
  <projections camera_id="30" path="p30.ply" count="1971"/>
  <projections camera_id="31" path="p31.ply" count="1553"/>
  <projections camera_id="32" path="p32.ply" count="445"/>
  <projections camera_id="33" path="p33.ply" count="1378"/>
  <projections camera_id="34" path="p34.ply" count="1187"/>
  <projections camera_id="35" path="p35.ply" count="1118"/>
  <projections camera_id="36" path="p36.ply" count="1319"/>
  <projections camera_id="37" path="p37.ply" count="1417"/>
  <projections camera_id="38" path="p38.ply" count="1191"/>
  <projections camera_id="39" path="p39.ply" count="1025"/>
  <projections camera_id="40" path="p40.ply" count="1246"/>
  <projections camera_id="41" path="p41.ply" count="1109"/>
  <projections camera_id="42" path="p42.ply" count="830"/>
  <projections camera_id="43" path="p43.ply" count="394"/>
  <projections camera_id="44" path="p44.ply" count="789"/>
  <projections camera_id="45" path="p45.ply" count="832"/>
  <projections camera_id="46" path="p46.ply" count="785"/>
  <projections camera_id="47" path="p47.ply" count="1261"/>
  <projections camera_id="48" path="p48.ply" count="1067"/>
  <projections camera_id="49" path="p49.ply" count="1181"/>
  <projections camera_id="50" path="p50.ply" count="844"/>
  <projections camera_id="51" path="p51.ply" count="823"/>
  <projections camera_id="52" path="p52.ply" count="759"/>
  <projections camera_id="53" path="p53.ply" count="791"/>
  <projections camera_id="54" path="p54.ply" count="813"/>
  <projections camera_id="55" path="p55.ply" count="861"/>
  <projections camera_id="56" path="p56.ply" count="778"/>
  <projections camera_id="57" path="p57.ply" count="778"/>
  <projections camera_id="58" path="p58.ply" count="983"/>
  <projections camera_id="59" path="p59.ply" count="1222"/>
  <projections camera_id="60" path="p60.ply" count="1211"/>
  <projections camera_id="61" path="p61.ply" count="1163"/>
  <projections camera_id="62" path="p62.ply" count="1508"/>
  <projections camera_id="63" path="p63.ply" count="1673"/>
  <projections camera_id="64" path="p64.ply" count="1620"/>
  <projections camera_id="65" path="p65.ply" count="1481"/>
  <projections camera_id="66" path="p66.ply" count="1772"/>
  <projections camera_id="67" path="p67.ply" count="1850"/>
  <projections camera_id="68" path="p68.ply" count="1830"/>
  <projections camera_id="69" path="p69.ply" count="1710"/>
  <projections camera_id="70" path="p70.ply" count="2035"/>
  <projections camera_id="71" path="p71.ply" count="1922"/>
  <projections camera_id="72" path="p72.ply" count="2241"/>
  <projections camera_id="73" path="p73.ply" count="1820"/>
  <projections camera_id="74" path="p74.ply" count="1738"/>
  <projections camera_id="75" path="p75.ply" count="1500"/>
  <projections camera_id="76" path="p76.ply" count="1567"/>
  <projections camera_id="77" path="p77.ply" count="1468"/>
  <projections camera_id="78" path="p78.ply" count="1394"/>
  <projections camera_id="79" path="p79.ply" count="1649"/>
  <projections camera_id="80" path="p80.ply" count="1144"/>
  <projections camera_id="81" path="p81.ply" count="1818"/>
  <projections camera_id="82" path="p82.ply" count="1842"/>
  <projections camera_id="83" path="p83.ply" count="1656"/>
  <projections camera_id="84" path="p84.ply" count="1755"/>
  <projections camera_id="85" path="p85.ply" count="1668"/>
  <projections camera_id="86" path="p86.ply" count="1951"/>
  <projections camera_id="87" path="p87.ply" count="1549"/>
  <projections camera_id="88" path="p88.ply" count="1861"/>
  <projections camera_id="89" path="p89.ply" count="1172"/>
  <projections camera_id="90" path="p90.ply" count="1049"/>
  <projections camera_id="91" path="p91.ply" count="1145"/>
  <projections camera_id="92" path="p92.ply" count="1398"/>
  <projections camera_id="93" path="p93.ply" count="1658"/>
  <projections camera_id="94" path="p94.ply" count="1510"/>
  <meta>
    <property name="match/duration" value="22.895"/>
    <property name="match/match_downscale" value="0"/>
    <property name="match/match_point_limit" value="20000"/>
    <property name="match/match_preselection_generic" value="false"/>
    <property name="match/match_tiepoint_limit" value="10000"/>
  </meta>
</point_cloud>
