<?xml version="1.0" encoding="UTF-8"?>
<point_cloud version="1.2.0">
  <params>
    <dataType>uint8</dataType>
    <bands>
      <band label="Red"/>
      <band label="Green"/>
      <band label="Blue"/>
    </bands>
  </params>
  <tracks path="tracks.ply" count="6601"/>
  <points path="points.ply" count="2997"/>
  <projections camera_id="0" path="p0.ply" count="211"/>
  <projections camera_id="1" path="p1.ply" count="252"/>
  <projections camera_id="2" path="p2.ply" count="254"/>
  <projections camera_id="3" path="p3.ply" count="257"/>
  <projections camera_id="4" path="p4.ply" count="273"/>
  <projections camera_id="5" path="p5.ply" count="257"/>
  <projections camera_id="6" path="p6.ply" count="196"/>
  <projections camera_id="7" path="p7.ply" count="274"/>
  <projections camera_id="8" path="p8.ply" count="256"/>
  <projections camera_id="9" path="p9.ply" count="268"/>
  <projections camera_id="10" path="p10.ply" count="262"/>
  <projections camera_id="11" path="p11.ply" count="259"/>
  <projections camera_id="12" path="p12.ply" count="227"/>
  <projections camera_id="13" path="p13.ply" count="249"/>
  <projections camera_id="14" path="p14.ply" count="227"/>
  <projections camera_id="15" path="p15.ply" count="312"/>
  <projections camera_id="16" path="p16.ply" count="252"/>
  <projections camera_id="17" path="p17.ply" count="161"/>
  <projections camera_id="18" path="p18.ply" count="211"/>
  <projections camera_id="19" path="p19.ply" count="245"/>
  <projections camera_id="20" path="p20.ply" count="262"/>
  <projections camera_id="21" path="p21.ply" count="184"/>
  <projections camera_id="22" path="p22.ply" count="221"/>
  <projections camera_id="23" path="p23.ply" count="213"/>
  <projections camera_id="24" path="p24.ply" count="207"/>
  <projections camera_id="25" path="p25.ply" count="207"/>
  <projections camera_id="26" path="p26.ply" count="233"/>
  <projections camera_id="27" path="p27.ply" count="289"/>
  <projections camera_id="28" path="p28.ply" count="310"/>
  <projections camera_id="29" path="p29.ply" count="172"/>
  <projections camera_id="30" path="p30.ply" count="218"/>
  <projections camera_id="31" path="p31.ply" count="288"/>
  <projections camera_id="32" path="p32.ply" count="268"/>
  <projections camera_id="33" path="p33.ply" count="151"/>
  <projections camera_id="34" path="p34.ply" count="188"/>
  <projections camera_id="35" path="p35.ply" count="208"/>
  <projections camera_id="36" path="p36.ply" count="207"/>
  <projections camera_id="37" path="p37.ply" count="222"/>
  <projections camera_id="38" path="p38.ply" count="250"/>
  <projections camera_id="39" path="p39.ply" count="196"/>
  <projections camera_id="40" path="p40.ply" count="223"/>
  <projections camera_id="41" path="p41.ply" count="210"/>
  <projections camera_id="42" path="p42.ply" count="181"/>
  <projections camera_id="43" path="p43.ply" count="89"/>
  <projections camera_id="44" path="p44.ply" count="201"/>
  <projections camera_id="45" path="p45.ply" count="178"/>
  <projections camera_id="46" path="p46.ply" count="133"/>
  <projections camera_id="47" path="p47.ply" count="222"/>
  <projections camera_id="48" path="p48.ply" count="154"/>
  <projections camera_id="49" path="p49.ply" count="147"/>
  <projections camera_id="50" path="p50.ply" count="231"/>
  <projections camera_id="51" path="p51.ply" count="184"/>
  <projections camera_id="52" path="p52.ply" count="164"/>
  <projections camera_id="53" path="p53.ply" count="158"/>
  <projections camera_id="54" path="p54.ply" count="208"/>
  <projections camera_id="55" path="p55.ply" count="213"/>
  <projections camera_id="56" path="p56.ply" count="186"/>
  <projections camera_id="57" path="p57.ply" count="193"/>
  <projections camera_id="58" path="p58.ply" count="222"/>
  <projections camera_id="59" path="p59.ply" count="246"/>
  <projections camera_id="60" path="p60.ply" count="232"/>
  <projections camera_id="61" path="p61.ply" count="169"/>
  <projections camera_id="62" path="p62.ply" count="282"/>
  <projections camera_id="63" path="p63.ply" count="301"/>
  <projections camera_id="64" path="p64.ply" count="332"/>
  <projections camera_id="65" path="p65.ply" count="297"/>
  <projections camera_id="66" path="p66.ply" count="320"/>
  <projections camera_id="67" path="p67.ply" count="337"/>
  <projections camera_id="68" path="p68.ply" count="314"/>
  <projections camera_id="69" path="p69.ply" count="278"/>
  <projections camera_id="70" path="p70.ply" count="295"/>
  <projections camera_id="71" path="p71.ply" count="313"/>
  <projections camera_id="72" path="p72.ply" count="303"/>
  <projections camera_id="73" path="p73.ply" count="307"/>
  <projections camera_id="74" path="p74.ply" count="269"/>
  <projections camera_id="75" path="p75.ply" count="245"/>
  <projections camera_id="76" path="p76.ply" count="233"/>
  <projections camera_id="77" path="p77.ply" count="218"/>
  <projections camera_id="78" path="p78.ply" count="206"/>
  <projections camera_id="79" path="p79.ply" count="232"/>
  <projections camera_id="80" path="p80.ply" count="174"/>
  <projections camera_id="81" path="p81.ply" count="264"/>
  <projections camera_id="82" path="p82.ply" count="308"/>
  <projections camera_id="83" path="p83.ply" count="285"/>
  <projections camera_id="84" path="p84.ply" count="306"/>
  <projections camera_id="85" path="p85.ply" count="223"/>
  <projections camera_id="86" path="p86.ply" count="282"/>
  <projections camera_id="87" path="p87.ply" count="275"/>
  <projections camera_id="88" path="p88.ply" count="265"/>
  <projections camera_id="89" path="p89.ply" count="238"/>
  <projections camera_id="90" path="p90.ply" count="202"/>
  <projections camera_id="91" path="p91.ply" count="228"/>
  <projections camera_id="92" path="p92.ply" count="358"/>
  <projections camera_id="93" path="p93.ply" count="348"/>
  <projections camera_id="94" path="p94.ply" count="338"/>
  <projections camera_id="95" path="p95.ply" count="20"/>
  <projections camera_id="97" path="p97.ply" count="10"/>
  <meta>
    <property name="match/duration" value="1.766"/>
    <property name="match/match_downscale" value="0"/>
    <property name="match/match_filter_mask" value="true"/>
    <property name="match/match_point_limit" value="20000"/>
    <property name="match/match_preselection_generic" value="false"/>
    <property name="match/match_preselection_reference" value="true"/>
    <property name="match/match_tiepoint_limit" value="10000"/>
  </meta>
</point_cloud>
